match_id,user_id,target_user_id,match_time
1,1423,2263,2024-03-09
2,1838,551,2024-03-27
3,2868,4297,2024-02-06
4,4497,4830,2024-03-31
5,31,800,2024-02-13
6,3373,1118,2024-02-02
7,847,1356,2024-02-05
8,3346,494,2024-02-11
9,2838,1515,2024-03-02
10,2041,1906,2024-03-25
11,665,829,2024-03-17
12,4744,2015,2024-02-10
13,4750,4321,2024-02-14
14,2735,4968,2024-02-24
15,4027,4956,2024-03-27
16,4001,1138,2024-02-13
17,1326,1501,2024-03-02
18,2137,2431,2024-03-13
19,325,1969,2024-03-10
20,2584,1735,2024-03-04
21,1326,2670,2024-02-12
22,4752,1297,2024-03-09
23,4018,897,2024-02-17
24,1162,4981,2024-02-15
25,989,463,2024-02-11
26,3090,2860,2024-03-28
27,3069,2427,2024-03-30
28,4669,3184,2024-02-11
29,180,1309,2024-02-17
30,4769,2346,2024-03-09
31,2714,4151,2024-03-28
32,1162,2515,2024-02-19
33,3867,4227,2024-02-03
34,1211,1504,2024-02-20
35,1275,2731,2024-02-05
36,631,2210,2024-03-14
37,4057,3415,2024-03-19
38,628,3463,2024-03-12
39,3776,2030,2024-03-18
40,4304,2152,2024-03-22
41,3969,533,2024-03-12
42,1372,3798,2024-03-16
43,953,2859,2024-02-24
44,4140,532,2024-02-10
45,446,4251,2024-02-27
46,925,2235,2024-03-09
47,440,2274,2024-03-28
48,4612,3566,2024-02-08
49,2063,1748,2024-02-23
50,3793,1202,2024-03-30
51,1859,3690,2024-03-26
52,381,4198,2024-03-31
53,2890,4065,2024-03-31
54,732,498,2024-03-10
55,3288,728,2024-02-05
56,3104,4645,2024-02-18
57,1596,2746,2024-03-06
58,738,4253,2024-02-08
59,4950,3299,2024-02-13
60,3132,527,2024-02-22
61,1538,2523,2024-03-29
62,874,1530,2024-02-22
63,1352,1651,2024-03-29
64,2457,3241,2024-02-19
65,2883,3527,2024-03-24
66,3861,219,2024-02-23
67,3162,2404,2024-02-23
68,1623,4570,2024-02-08
69,3766,2998,2024-02-10
70,4137,2118,2024-03-16
71,743,497,2024-02-22
72,1160,1410,2024-03-22
73,4432,37,2024-03-24
74,1253,3286,2024-02-17
75,1807,185,2024-02-02
76,8,442,2024-02-02
77,3403,2500,2024-02-23
78,3041,2701,2024-03-08
79,3455,594,2024-02-21
80,2840,1936,2024-03-21
81,3806,903,2024-02-02
82,888,1575,2024-02-07
83,117,2548,2024-02-15
84,1730,1019,2024-03-26
85,3565,4525,2024-03-04
86,1250,1439,2024-02-20
87,3604,2720,2024-03-13
88,193,3742,2024-02-15
89,997,2122,2024-02-27
90,4193,156,2024-02-23
91,4225,1783,2024-02-11
92,2346,2860,2024-02-18
93,4651,2412,2024-03-09
94,4906,850,2024-03-21
95,1362,486,2024-03-23
96,3351,3670,2024-02-02
97,3936,2050,2024-02-25
98,50,377,2024-03-17
99,4258,3820,2024-03-16
100,4671,3473,2024-03-26
101,4508,2676,2024-02-23
102,3753,3290,2024-03-05
103,4918,224,2024-02-24
104,1756,2014,2024-03-18
105,988,2469,2024-03-07
106,2532,4234,2024-02-20
107,267,3354,2024-02-23
108,4397,169,2024-03-20
109,213,3000,2024-03-07
110,2710,4137,2024-02-05
111,1400,2588,2024-02-20
112,2081,3828,2024-03-06
113,4248,3078,2024-03-18
114,1491,4770,2024-02-02
115,4903,2918,2024-03-26
116,1030,2523,2024-03-06
117,2306,85,2024-03-07
118,2147,3934,2024-03-06
119,3523,3614,2024-03-14
120,2614,4756,2024-02-15
121,4351,3667,2024-02-07
122,3107,3400,2024-03-13
123,3157,1302,2024-02-29
124,3616,2161,2024-03-26
125,2554,741,2024-02-12
126,2982,3755,2024-03-04
127,2119,4701,2024-03-07
128,4714,1017,2024-03-02
129,3688,2905,2024-02-04
130,3857,2185,2024-03-26
131,987,4317,2024-02-13
132,4883,4153,2024-02-06
133,1967,4706,2024-03-20
134,4477,2268,2024-02-04
135,4451,3021,2024-02-06
136,44,1381,2024-02-19
137,1530,4213,2024-03-09
138,2738,4573,2024-03-29
139,2052,2878,2024-02-22
140,2,1751,2024-03-31
141,1094,1008,2024-03-20
142,210,1754,2024-03-20
143,3629,2346,2024-03-05
144,3925,3106,2024-03-12
145,4383,3797,2024-03-01
146,4432,186,2024-02-14
147,2028,1588,2024-02-27
148,3872,4339,2024-03-14
149,2993,134,2024-03-28
150,2836,4188,2024-03-01
151,823,3679,2024-03-25
152,4581,2009,2024-03-29
153,2830,1873,2024-02-13
154,2888,1175,2024-03-06
155,4949,2477,2024-02-13
156,2805,4440,2024-02-23
157,2180,4097,2024-03-26
158,2606,2693,2024-03-28
159,164,4535,2024-03-19
160,4009,1684,2024-03-14
161,3046,3779,2024-03-17
162,2331,2803,2024-02-24
163,1546,177,2024-03-09
164,1817,841,2024-02-20
165,2367,3507,2024-02-07
166,4981,640,2024-02-16
167,3908,1868,2024-03-25
168,1170,1681,2024-03-01
169,2669,3798,2024-03-03
170,4688,4599,2024-02-28
171,681,946,2024-03-23
172,262,2788,2024-03-29
173,1833,4493,2024-02-16
174,2503,4080,2024-03-24
175,2601,1579,2024-03-28
176,3831,3665,2024-03-09
177,4165,861,2024-03-28
178,851,3598,2024-03-21
179,4629,688,2024-02-26
180,1833,1199,2024-02-06
181,3448,1745,2024-03-30
182,4033,73,2024-02-02
183,4096,3089,2024-02-20
184,1316,2742,2024-03-17
185,3713,857,2024-03-17
186,1891,382,2024-03-26
187,4522,3890,2024-02-19
188,1265,3801,2024-02-16
189,2037,2769,2024-02-03
190,1099,64,2024-02-19
191,4657,4653,2024-02-01
192,126,485,2024-02-26
193,2135,3982,2024-02-14
194,1538,2076,2024-03-09
195,2724,1503,2024-02-20
196,4065,192,2024-03-04
197,3305,4139,2024-03-16
198,1683,715,2024-03-23
199,4140,4709,2024-02-20
200,423,1819,2024-03-26
201,4097,263,2024-02-17
202,4579,4591,2024-03-31
203,119,3282,2024-03-31
204,2654,418,2024-03-11
205,514,3785,2024-03-22
206,4750,4037,2024-02-17
207,2883,1241,2024-03-07
208,2548,46,2024-02-04
209,3092,3572,2024-02-07
210,1001,2421,2024-02-11
211,407,540,2024-02-07
212,3999,3682,2024-02-19
213,4230,3578,2024-03-25
214,2476,2712,2024-02-06
215,1198,3096,2024-03-21
216,2033,3952,2024-03-25
217,3704,553,2024-03-10
218,1953,3033,2024-02-07
219,3699,1269,2024-03-14
220,756,4088,2024-03-07
221,4232,4158,2024-03-26
222,4220,4931,2024-03-29
223,1071,1663,2024-02-03
224,2866,2108,2024-02-28
225,102,807,2024-03-26
226,4175,2970,2024-03-31
227,4713,1257,2024-02-18
228,2932,1453,2024-02-26
229,2993,3907,2024-02-17
230,3440,3134,2024-02-04
231,2784,1933,2024-03-07
232,3379,2095,2024-02-26
233,4838,4349,2024-02-09
234,1653,1186,2024-02-06
235,543,319,2024-02-26
236,2674,4915,2024-03-30
237,94,4709,2024-02-09
238,1517,2255,2024-02-12
239,1446,3039,2024-03-07
240,1516,4146,2024-02-16
241,413,4913,2024-02-14
242,3881,57,2024-02-16
243,777,114,2024-02-20
244,3635,150,2024-02-24
245,3058,2950,2024-02-19
246,1687,2787,2024-03-24
247,3092,3418,2024-02-26
248,356,3057,2024-03-17
249,3180,2279,2024-03-29
250,464,3421,2024-03-22
251,4949,4794,2024-03-10
252,4832,3037,2024-02-25
253,4491,3670,2024-02-02
254,2993,1378,2024-02-13
255,2265,4404,2024-03-05
256,3031,1495,2024-03-06
257,2076,3456,2024-03-31
258,1846,945,2024-03-13
259,2622,4765,2024-02-11
260,2462,4327,2024-03-29
261,1714,3807,2024-03-05
262,3681,2907,2024-03-29
263,223,2667,2024-03-15
264,3653,3156,2024-02-24
265,4282,4175,2024-03-29
266,4088,2486,2024-02-14
267,174,1349,2024-02-27
268,2887,4853,2024-02-26
269,278,1480,2024-03-17
270,1161,1198,2024-03-12
271,477,2175,2024-03-23
272,4753,2490,2024-02-25
273,774,2532,2024-02-05
274,1940,3047,2024-02-14
275,903,2312,2024-02-26
276,1346,2811,2024-03-06
277,3631,3689,2024-03-20
278,2511,3109,2024-02-06
279,1858,2311,2024-03-21
280,3554,4410,2024-02-05
281,3390,4990,2024-02-03
282,651,1410,2024-03-02
283,2296,4922,2024-02-16
284,2717,1313,2024-03-11
285,3851,4462,2024-02-16
286,794,3879,2024-03-18
287,2654,102,2024-03-30
288,384,1014,2024-02-17
289,2069,1274,2024-03-02
290,2473,365,2024-02-27
291,2782,4758,2024-03-02
292,3300,186,2024-03-26
293,2147,2334,2024-03-02
294,1931,3874,2024-02-22
295,3678,3040,2024-02-01
296,2245,1351,2024-02-29
297,1746,168,2024-02-10
298,727,2220,2024-03-06
299,661,796,2024-03-20
300,130,2431,2024-03-29
301,1465,1521,2024-03-30
302,4981,2947,2024-02-06
303,2967,1158,2024-03-10
304,3224,875,2024-02-19
305,519,2410,2024-02-15
306,2334,246,2024-02-11
307,3872,3247,2024-03-13
308,4612,554,2024-02-11
309,3351,4337,2024-02-05
310,3246,900,2024-03-25
311,1024,2829,2024-02-24
312,285,3864,2024-02-28
313,4454,3894,2024-02-26
314,3493,4943,2024-02-27
315,3190,4302,2024-03-14
316,566,4764,2024-03-12
317,2373,1872,2024-02-13
318,4289,2830,2024-02-19
319,3228,3762,2024-02-03
320,4611,3060,2024-02-06
321,4894,2231,2024-02-15
322,2220,4531,2024-02-26
323,2737,1256,2024-02-08
324,1961,141,2024-02-06
325,3127,2840,2024-03-21
326,447,297,2024-03-16
327,4960,3350,2024-02-19
328,4841,345,2024-03-11
329,1928,2410,2024-03-01
330,2329,4153,2024-02-21
331,3512,3804,2024-03-06
332,3573,413,2024-03-10
333,4330,2528,2024-02-23
334,3743,4354,2024-03-21
335,4334,3854,2024-02-24
336,675,4074,2024-03-10
337,1630,3194,2024-02-15
338,2148,2200,2024-03-08
339,4103,2934,2024-02-24
340,3160,1596,2024-02-13
341,3797,2147,2024-03-21
342,4126,89,2024-03-29
343,3305,2611,2024-02-22
344,639,2477,2024-03-27
345,174,3513,2024-03-21
346,725,164,2024-03-13
347,4035,2736,2024-02-17
348,354,2334,2024-03-04
349,1451,47,2024-02-29
350,505,2999,2024-02-14
351,1042,4633,2024-03-19
352,2497,820,2024-03-05
353,2964,521,2024-02-18
354,4752,1187,2024-03-07
355,4293,3025,2024-02-15
356,3911,3239,2024-02-20
357,630,1038,2024-02-28
358,544,930,2024-02-20
359,2439,1557,2024-03-05
360,2913,520,2024-02-13
361,832,4256,2024-03-22
362,1890,1947,2024-03-14
363,2395,4459,2024-03-15
364,4250,4087,2024-03-28
365,4484,2361,2024-03-14
366,1056,3283,2024-03-22
367,2941,2032,2024-03-02
368,2208,4715,2024-02-09
369,1452,4932,2024-03-30
370,3379,205,2024-02-05
371,446,1234,2024-03-23
372,69,930,2024-02-18
373,3630,4914,2024-02-14
374,4664,322,2024-02-11
375,2213,522,2024-02-26
376,186,4547,2024-02-22
377,1653,2058,2024-02-29
378,2183,2157,2024-03-10
379,1786,2588,2024-02-04
380,72,346,2024-02-11
381,2479,87,2024-02-27
382,967,4544,2024-03-10
383,3674,3012,2024-03-07
384,746,4144,2024-03-27
385,28,981,2024-02-20
386,2344,4746,2024-02-16
387,3964,2917,2024-03-18
388,2715,3208,2024-03-28
389,3173,2705,2024-02-16
390,2166,3390,2024-03-10
391,4353,4334,2024-03-06
392,3756,4966,2024-03-18
393,126,3227,2024-02-05
394,866,2172,2024-03-12
395,10,1286,2024-02-29
396,1257,317,2024-03-24
397,709,2484,2024-03-24
398,1314,4043,2024-02-09
399,4644,2822,2024-02-18
400,611,2776,2024-02-24
401,3496,2158,2024-02-22
402,4034,844,2024-03-11
403,1801,2363,2024-02-24
404,1024,2687,2024-03-30
405,4246,1556,2024-03-04
406,1091,459,2024-02-12
407,3487,3642,2024-02-21
408,602,715,2024-02-13
409,3985,1939,2024-03-03
410,229,2928,2024-02-09
411,4062,1910,2024-03-12
412,1423,859,2024-02-22
413,4483,3691,2024-03-13
414,336,3324,2024-03-16
415,1006,1915,2024-02-01
416,2492,1383,2024-03-23
417,79,4057,2024-03-28
418,1796,1753,2024-03-08
419,2687,1894,2024-03-11
420,478,3497,2024-03-29
421,4877,1144,2024-03-06
422,3092,1863,2024-02-17
423,2776,1305,2024-02-17
424,2066,531,2024-02-05
425,3013,3182,2024-03-01
426,1336,4593,2024-03-07
427,4894,2963,2024-02-16
428,2863,2001,2024-02-13
429,2969,4736,2024-03-13
430,4600,3318,2024-02-07
431,2186,2797,2024-03-29
432,3011,4024,2024-02-07
433,1815,610,2024-02-22
434,1143,4975,2024-02-12
435,3406,2738,2024-02-08
436,3019,3405,2024-03-06
437,4800,4803,2024-02-27
438,2931,1094,2024-02-24
439,1051,2247,2024-03-17
440,2982,105,2024-02-07
441,3119,4673,2024-02-17
442,3155,3895,2024-03-06
443,60,2683,2024-03-08
444,3117,2424,2024-03-16
445,4587,62,2024-03-09
446,16,3210,2024-03-11
447,945,2110,2024-02-22
448,474,1653,2024-02-28
449,1636,2023,2024-03-08
450,4352,2284,2024-02-06
451,2174,2195,2024-03-14
452,4642,999,2024-03-17
453,1073,1116,2024-03-26
454,4956,4398,2024-03-11
455,4476,1004,2024-03-16
456,3207,3095,2024-03-22
457,2053,4433,2024-02-24
458,4282,1405,2024-02-22
459,216,549,2024-03-31
460,2913,3135,2024-02-01
461,511,867,2024-03-12
462,567,1050,2024-03-26
463,844,255,2024-03-26
464,1872,2807,2024-02-27
465,2537,235,2024-03-18
466,2504,163,2024-03-20
467,876,1642,2024-03-23
468,772,1456,2024-02-02
469,4426,2524,2024-02-19
470,567,4037,2024-02-16
471,1659,371,2024-03-22
472,2648,2138,2024-02-16
473,3966,3034,2024-03-31
474,265,3610,2024-03-04
475,917,3115,2024-03-10
476,3138,4706,2024-02-09
477,2403,3596,2024-03-23
478,4787,603,2024-03-19
479,4844,2393,2024-03-01
480,2902,2520,2024-02-12
481,3199,1008,2024-03-06
482,1901,4617,2024-03-24
483,1955,586,2024-02-13
484,70,581,2024-03-17
485,626,377,2024-03-06
486,2993,3361,2024-02-23
487,984,4193,2024-02-15
488,2041,3876,2024-02-28
489,3126,1239,2024-03-05
490,242,1110,2024-02-08
491,2723,493,2024-02-09
492,1952,2518,2024-02-22
493,2898,3457,2024-03-04
494,4359,2852,2024-03-11
495,4946,1326,2024-02-16
496,3808,4395,2024-03-01
497,2811,3339,2024-02-16
498,1593,808,2024-03-25
499,1473,1870,2024-02-24
500,4964,524,2024-03-09
501,1592,4736,2024-02-06
502,1804,685,2024-02-29
503,2535,1784,2024-02-03
504,3069,4961,2024-02-17
505,3990,3655,2024-02-25
506,1192,3611,2024-02-07
507,3293,1144,2024-02-05
508,1960,1467,2024-02-27
509,1465,209,2024-03-27
510,2480,1411,2024-03-08
511,526,4494,2024-03-16
512,1676,818,2024-03-08
513,486,2975,2024-02-11
514,2672,550,2024-02-13
515,3768,1087,2024-02-06
516,2416,3104,2024-03-13
517,1968,1256,2024-02-01
518,1842,3477,2024-03-04
519,1450,3053,2024-03-20
520,1132,2047,2024-02-01
521,3840,1288,2024-02-13
522,2750,1191,2024-02-14
523,2578,3402,2024-02-12
524,4486,677,2024-03-01
525,815,2441,2024-03-03
526,3590,2596,2024-03-26
527,4462,3642,2024-03-05
528,4170,3804,2024-03-17
529,537,2520,2024-03-15
530,4354,383,2024-03-24
531,496,4244,2024-02-01
532,1466,1310,2024-02-25
533,793,4382,2024-03-31
534,4174,416,2024-03-18
535,2831,2920,2024-03-04
536,705,2282,2024-03-21
537,430,2723,2024-03-17
538,644,4588,2024-03-15
539,2082,4447,2024-03-05
540,2700,4076,2024-03-21
541,3980,3641,2024-02-02
542,4574,3352,2024-03-20
543,1425,38,2024-03-06
544,1599,4552,2024-03-05
545,3054,3077,2024-02-29
546,967,754,2024-03-09
547,3384,830,2024-03-12
548,439,3073,2024-03-21
549,135,2554,2024-03-26
550,3938,835,2024-02-11
551,122,160,2024-03-22
552,61,4399,2024-03-21
553,4617,2186,2024-03-21
554,606,2319,2024-03-05
555,2273,4540,2024-03-06
556,83,1519,2024-03-16
557,4050,4127,2024-03-09
558,2740,4159,2024-03-16
559,4701,1911,2024-02-06
560,4931,4013,2024-03-29
561,1757,1582,2024-03-31
562,163,3095,2024-03-08
563,593,1992,2024-03-19
564,1351,969,2024-02-15
565,706,1451,2024-03-23
566,2348,4232,2024-03-17
567,2018,3015,2024-03-14
568,2868,2981,2024-02-16
569,4706,2531,2024-03-11
570,3975,943,2024-03-03
571,647,3669,2024-02-04
572,2183,2958,2024-02-16
573,3802,317,2024-03-08
574,65,1049,2024-02-13
575,942,4338,2024-02-17
576,3156,385,2024-02-29
577,3098,2425,2024-03-13
578,1584,2832,2024-02-06
579,881,3787,2024-02-11
580,3327,2145,2024-02-29
581,1477,2984,2024-03-16
582,1076,928,2024-03-24
583,1674,3758,2024-03-07
584,3549,4751,2024-02-25
585,2775,2931,2024-03-23
586,3434,984,2024-03-05
587,2297,2020,2024-03-28
588,892,904,2024-03-19
589,710,3217,2024-02-13
590,775,3284,2024-02-23
591,4704,3071,2024-02-26
592,3602,1520,2024-02-27
593,4789,1709,2024-03-13
594,2133,3825,2024-03-23
595,2436,3905,2024-03-05
596,2998,268,2024-03-30
597,3227,3557,2024-03-30
598,653,2193,2024-03-30
599,2981,1584,2024-03-11
600,125,4075,2024-02-19
601,4578,3082,2024-03-14
602,3803,425,2024-02-12
603,2660,2745,2024-03-08
604,2181,1407,2024-03-03
605,2698,4909,2024-03-11
606,2514,4741,2024-02-22
607,2920,3382,2024-03-15
608,3169,1252,2024-03-30
609,979,1252,2024-02-26
610,699,3919,2024-02-08
611,3744,946,2024-02-06
612,4829,4100,2024-02-06
613,1369,4713,2024-03-24
614,3405,3315,2024-02-01
615,597,2499,2024-02-18
616,3797,3738,2024-02-06
617,1290,2878,2024-02-17
618,2966,2655,2024-03-31
619,4309,1320,2024-02-13
620,4219,2465,2024-02-10
621,4341,4493,2024-02-25
622,3179,3873,2024-03-16
623,3069,2607,2024-03-24
624,4101,1889,2024-02-18
625,4486,3714,2024-03-03
626,3543,1449,2024-03-17
627,3867,4340,2024-02-22
628,3666,1178,2024-02-29
629,4975,4415,2024-02-02
630,310,1264,2024-02-12
631,474,2119,2024-03-20
632,794,4950,2024-03-04
633,890,4771,2024-02-10
634,496,1638,2024-02-11
635,191,369,2024-02-19
636,985,3320,2024-02-06
637,2880,3155,2024-03-08
638,4510,4305,2024-02-16
639,1658,3488,2024-03-21
640,1504,3643,2024-03-09
641,2590,2029,2024-03-18
642,3194,3033,2024-03-04
643,1950,3620,2024-02-23
644,1315,2982,2024-02-08
645,2265,2420,2024-02-21
646,1568,789,2024-03-04
647,2419,4372,2024-02-07
648,230,2363,2024-02-27
649,1863,2465,2024-02-02
650,2929,4357,2024-02-22
651,4193,4774,2024-02-15
652,1238,4290,2024-03-12
653,3740,935,2024-03-11
654,3745,1186,2024-03-09
655,2506,3750,2024-02-26
656,4007,878,2024-03-13
657,2180,561,2024-03-28
658,3617,2476,2024-03-01
659,277,2144,2024-03-27
660,564,472,2024-02-18
661,4673,1780,2024-02-20
662,736,1098,2024-02-05
663,4025,4797,2024-03-07
664,469,1945,2024-03-03
665,4805,197,2024-02-24
666,1130,2501,2024-03-31
667,4304,1191,2024-02-25
668,2810,2840,2024-02-13
669,1654,1921,2024-03-29
670,216,3854,2024-03-09
671,2209,1917,2024-03-26
672,4768,4247,2024-02-09
673,4432,2780,2024-03-22
674,2880,4455,2024-03-04
675,2897,4036,2024-03-29
676,4356,3224,2024-02-18
677,399,4383,2024-03-19
678,225,2199,2024-03-16
679,1029,1084,2024-02-26
680,3133,3946,2024-03-30
681,1487,2806,2024-02-10
682,4968,736,2024-03-23
683,2430,590,2024-02-06
684,4029,3960,2024-02-08
685,76,1575,2024-03-24
686,802,1924,2024-02-05
687,788,3266,2024-03-01
688,1190,1622,2024-03-08
689,3888,4062,2024-03-13
690,4979,2494,2024-02-08
691,977,4685,2024-03-17
692,1507,2196,2024-03-30
693,4859,4098,2024-02-19
694,427,3163,2024-03-19
695,4659,437,2024-02-09
696,4573,2521,2024-02-07
697,2798,638,2024-02-24
698,4957,322,2024-03-23
699,4435,3984,2024-02-26
700,3764,2992,2024-03-14
701,250,2122,2024-03-08
702,4967,3011,2024-02-08
703,105,2171,2024-03-12
704,321,2490,2024-02-12
705,341,1685,2024-02-22
706,2956,1033,2024-02-19
707,555,591,2024-03-14
708,2445,1604,2024-02-27
709,2864,4319,2024-03-07
710,2482,1965,2024-02-22
711,1556,992,2024-02-10
712,3310,482,2024-02-08
713,565,169,2024-03-17
714,2274,1185,2024-02-17
715,4453,3979,2024-03-22
716,399,2300,2024-03-08
717,396,2193,2024-03-03
718,4222,1940,2024-02-08
719,2078,2143,2024-02-24
720,831,4848,2024-03-12
721,192,794,2024-02-05
722,4718,363,2024-03-30
723,3555,188,2024-02-17
724,3686,770,2024-03-13
725,3853,4641,2024-03-01
726,2908,2716,2024-02-03
727,3300,4782,2024-03-31
728,3023,4675,2024-03-24
729,764,596,2024-02-16
730,920,3858,2024-02-13
731,2892,3501,2024-03-21
732,770,1061,2024-03-17
733,4592,727,2024-02-06
734,2306,288,2024-03-28
735,4575,3357,2024-03-09
736,2449,1035,2024-02-11
737,2951,4604,2024-03-05
738,3680,2061,2024-03-28
739,390,1833,2024-03-27
740,2388,2717,2024-02-04
741,2590,4507,2024-03-10
742,1034,2133,2024-02-06
743,2593,1212,2024-02-21
744,2050,636,2024-03-20
745,652,2007,2024-03-01
746,1133,1495,2024-02-23
747,4241,4364,2024-02-07
748,2815,802,2024-02-06
749,2360,3866,2024-03-06
750,866,2763,2024-03-16
751,3983,1007,2024-02-21
752,4324,2884,2024-03-21
753,3049,3051,2024-02-24
754,3142,3676,2024-02-16
755,2034,285,2024-02-13
756,1306,1437,2024-03-26
757,1932,2668,2024-02-03
758,665,4740,2024-03-03
759,46,2271,2024-03-16
760,3646,1287,2024-03-05
761,3252,1721,2024-03-13
762,408,3394,2024-02-24
763,485,2064,2024-02-10
764,342,4880,2024-03-29
765,2275,2273,2024-02-14
766,3137,4122,2024-02-21
767,898,4504,2024-03-23
768,2298,4791,2024-03-26
769,2420,4160,2024-03-19
770,1666,1933,2024-02-15
771,1487,2978,2024-03-19
772,3967,2543,2024-03-28
773,391,1230,2024-02-28
774,800,2608,2024-03-14
775,4326,4456,2024-02-03
776,2050,1263,2024-03-15
777,1098,4047,2024-03-31
778,1820,439,2024-02-21
779,1903,2055,2024-03-23
780,1997,3397,2024-02-26
781,640,3033,2024-02-08
782,3807,1721,2024-03-29
783,1469,3883,2024-02-29
784,2133,737,2024-02-17
785,3706,4926,2024-03-11
786,1825,4908,2024-02-03
787,248,1944,2024-03-11
788,4331,4597,2024-03-30
789,2598,2709,2024-03-15
790,3863,1923,2024-02-15
791,1974,4916,2024-03-17
792,1686,656,2024-03-04
793,1663,861,2024-02-20
794,4189,1573,2024-03-24
795,1438,2324,2024-03-25
796,533,3351,2024-03-06
797,4947,4985,2024-03-27
798,790,3845,2024-03-11
799,3909,1042,2024-02-28
800,814,3666,2024-03-08
801,988,2765,2024-02-20
802,1520,341,2024-03-10
803,2267,2933,2024-02-22
804,4559,1700,2024-03-18
805,2912,1075,2024-02-24
806,155,701,2024-03-26
807,3572,2040,2024-03-23
808,982,4719,2024-02-19
809,1191,117,2024-03-10
810,2841,2899,2024-03-12
811,2666,1350,2024-03-06
812,1827,4839,2024-03-09
813,4957,1247,2024-02-21
814,1076,1831,2024-02-11
815,3686,1451,2024-03-14
816,3175,3037,2024-02-17
817,864,1611,2024-02-12
818,49,4674,2024-02-10
819,4101,3668,2024-03-06
820,1687,781,2024-03-10
821,1751,2542,2024-03-22
822,3161,4308,2024-03-09
823,3760,961,2024-02-16
824,2066,1456,2024-03-18
825,1729,587,2024-03-19
826,3357,1714,2024-03-24
827,4257,4888,2024-03-22
828,3124,94,2024-03-19
829,2277,3086,2024-02-01
830,760,2509,2024-02-02
831,3710,1670,2024-02-03
832,4298,2340,2024-03-16
833,1077,2368,2024-02-21
834,4601,4739,2024-02-07
835,1218,2550,2024-03-14
836,3814,3819,2024-02-01
837,416,590,2024-03-31
838,4403,4680,2024-02-09
839,2781,4803,2024-03-05
840,4014,3044,2024-03-31
841,4424,137,2024-02-27
842,370,1781,2024-03-02
843,2275,3683,2024-02-09
844,2563,686,2024-02-12
845,4297,3798,2024-02-01
846,2623,3591,2024-02-01
847,2222,2100,2024-03-28
848,2607,1684,2024-02-02
849,947,941,2024-03-23
850,282,988,2024-02-17
851,886,3950,2024-02-21
852,1776,2237,2024-02-18
853,2393,1414,2024-03-08
854,2513,3528,2024-03-25
855,3661,849,2024-02-10
856,2373,4477,2024-02-15
857,775,3794,2024-03-10
858,4310,2638,2024-02-24
859,4835,168,2024-02-25
860,547,2282,2024-02-10
861,4209,4514,2024-02-02
862,4970,3236,2024-02-23
863,2483,1826,2024-03-12
864,1038,3259,2024-03-08
865,4258,5,2024-02-11
866,3417,4370,2024-03-16
867,1194,1504,2024-03-17
868,1748,4907,2024-03-21
869,2625,2913,2024-02-16
870,868,4592,2024-03-10
871,2636,1959,2024-02-10
872,780,2672,2024-03-03
873,2737,2751,2024-02-14
874,3467,647,2024-03-26
875,1235,4629,2024-03-03
876,2750,483,2024-03-13
877,733,4527,2024-02-22
878,2274,598,2024-02-04
879,4838,1443,2024-03-02
880,2557,2398,2024-02-22
881,126,885,2024-02-26
882,764,4331,2024-02-01
883,4373,536,2024-03-26
884,366,145,2024-03-05
885,2460,3502,2024-02-17
886,957,683,2024-02-12
887,4355,3613,2024-03-14
888,4096,2633,2024-03-12
889,3027,4703,2024-02-01
890,3316,4740,2024-02-18
891,1000,1940,2024-03-02
892,713,696,2024-03-15
893,337,836,2024-03-31
894,4352,4617,2024-02-07
895,2538,3893,2024-03-28
896,176,4111,2024-02-28
897,2640,3457,2024-03-10
898,4502,3150,2024-02-24
899,596,216,2024-03-26
900,1508,4401,2024-03-29
901,1068,1992,2024-02-20
902,610,3620,2024-03-22
903,3130,890,2024-02-05
904,1821,3408,2024-03-15
905,2804,2504,2024-03-15
906,3378,910,2024-03-13
907,1441,1775,2024-02-24
908,1846,62,2024-03-14
909,4023,2938,2024-03-20
910,925,665,2024-02-21
911,849,3021,2024-03-28
912,2710,2596,2024-03-26
913,4027,4449,2024-03-11
914,2637,4543,2024-02-09
915,2194,1074,2024-02-08
916,3786,637,2024-03-02
917,618,602,2024-02-24
918,2960,4925,2024-03-08
919,4470,1285,2024-02-21
920,1295,1865,2024-02-29
921,2630,2084,2024-02-28
922,3105,3613,2024-03-06
923,2259,3030,2024-03-19
924,1642,4269,2024-03-04
925,4853,3357,2024-03-26
926,4810,1236,2024-03-16
927,25,2338,2024-02-14
928,899,4740,2024-02-17
929,1476,2379,2024-03-27
930,2946,4258,2024-02-17
931,4002,40,2024-03-16
932,4518,3694,2024-03-06
933,3333,1719,2024-02-28
934,3140,2343,2024-03-08
935,3436,4110,2024-02-12
936,4036,1182,2024-02-15
937,2224,4964,2024-02-13
938,1051,3006,2024-03-19
939,4580,1922,2024-03-05
940,4234,1431,2024-02-11
941,1402,4035,2024-03-31
942,1913,2647,2024-02-08
943,4299,1038,2024-02-03
944,2985,430,2024-02-17
945,1767,3327,2024-03-27
946,3261,2838,2024-02-14
947,2366,2513,2024-02-12
948,1075,1256,2024-03-31
949,2471,382,2024-02-15
950,2091,415,2024-03-19
951,2220,899,2024-02-14
952,1329,404,2024-03-16
953,441,480,2024-02-12
954,796,1275,2024-03-09
955,1897,491,2024-03-31
956,550,4413,2024-02-28
957,1551,4356,2024-02-22
958,2176,1348,2024-02-03
959,2895,4953,2024-02-18
960,269,738,2024-03-31
961,3027,4593,2024-02-25
962,3513,18,2024-02-15
963,4556,873,2024-02-19
964,3907,2303,2024-03-18
965,2516,3879,2024-03-17
966,3165,4892,2024-03-04
967,1736,2885,2024-03-27
968,4404,2650,2024-03-29
969,224,385,2024-03-21
970,3449,2568,2024-03-16
971,4440,1603,2024-02-24
972,3060,2662,2024-02-06
973,3486,1458,2024-03-14
974,3566,3302,2024-02-06
975,364,4028,2024-02-12
976,359,3193,2024-03-31
977,2435,3387,2024-03-01
978,2693,51,2024-02-06
979,3218,3609,2024-03-23
980,3038,4506,2024-03-07
981,3487,2844,2024-02-15
982,2281,1259,2024-03-17
983,1801,3472,2024-03-21
984,3305,386,2024-02-11
985,22,3458,2024-03-27
986,1659,748,2024-03-30
987,1926,4889,2024-03-21
988,3063,3987,2024-02-11
989,3816,1519,2024-03-08
990,987,550,2024-03-05
991,1129,338,2024-02-23
992,4763,3980,2024-02-20
993,936,3688,2024-03-29
994,113,4178,2024-03-09
995,1467,838,2024-03-16
996,964,2870,2024-02-24
997,133,2068,2024-03-19
998,522,3675,2024-02-13
999,3169,1546,2024-02-18
1000,2417,3196,2024-02-06
1001,453,3936,2024-03-31
1002,3589,2987,2024-03-19
1003,952,2146,2024-02-14
1004,2828,2888,2024-02-13
1005,361,3180,2024-02-03
1006,4098,4585,2024-03-26
1007,2642,2838,2024-03-27
1008,2198,4288,2024-02-08
1009,911,4358,2024-03-19
1010,4428,863,2024-03-12
1011,1824,4944,2024-03-09
1012,3064,3936,2024-03-16
1013,832,257,2024-02-17
1014,3764,3820,2024-03-04
1015,1981,723,2024-03-31
1016,829,2648,2024-02-14
1017,406,3018,2024-02-26
1018,3766,4643,2024-03-30
1019,4245,4550,2024-02-21
1020,3218,1336,2024-03-07
1021,3746,1591,2024-03-05
1022,2093,3632,2024-02-17
1023,1204,3417,2024-02-07
1024,3964,360,2024-02-29
1025,4309,3556,2024-02-06
1026,303,2049,2024-03-21
1027,3253,4015,2024-03-16
1028,23,4696,2024-03-28
1029,783,4808,2024-03-11
1030,3011,1537,2024-02-20
1031,922,1512,2024-02-11
1032,3547,4459,2024-02-17
1033,794,4879,2024-03-02
1034,32,294,2024-02-20
1035,1453,1276,2024-02-01
1036,4838,2857,2024-03-26
1037,4415,4888,2024-03-08
1038,250,1578,2024-03-03
1039,4823,4167,2024-03-12
1040,1395,3605,2024-02-04
1041,4881,2956,2024-03-10
1042,4670,3421,2024-02-05
1043,4362,4729,2024-03-04
1044,727,1385,2024-02-05
1045,4329,3118,2024-03-10
1046,1275,3405,2024-02-26
1047,4298,467,2024-02-23
1048,1371,905,2024-02-24
1049,917,163,2024-02-09
1050,2950,3424,2024-02-01
1051,1605,2295,2024-03-20
1052,3543,4849,2024-02-24
1053,716,2681,2024-02-26
1054,2978,2320,2024-02-28
1055,2734,2891,2024-03-04
1056,2658,1752,2024-03-02
1057,1314,2508,2024-03-01
1058,1578,1916,2024-03-30
1059,665,2553,2024-02-26
1060,2529,1989,2024-02-06
1061,3747,3611,2024-02-09
1062,2540,3217,2024-03-22
1063,2858,4307,2024-02-08
1064,1443,2261,2024-03-31
1065,4746,3284,2024-03-29
1066,2910,1036,2024-03-02
1067,1491,1152,2024-03-22
1068,1049,2887,2024-03-08
1069,4138,1182,2024-02-16
1070,3846,3564,2024-03-30
1071,2655,72,2024-03-10
1072,557,16,2024-03-24
1073,1630,4813,2024-03-31
1074,3275,1768,2024-03-11
1075,4525,2089,2024-03-26
1076,3586,1902,2024-02-12
1077,3084,581,2024-02-17
1078,4585,4583,2024-02-02
1079,746,543,2024-03-08
1080,3204,447,2024-03-28
1081,3833,4183,2024-03-25
1082,4069,4977,2024-03-01
1083,4095,756,2024-03-05
1084,4911,2408,2024-03-29
1085,4110,3859,2024-03-13
1086,549,4285,2024-03-27
1087,3024,4630,2024-02-21
1088,1804,4988,2024-03-29
1089,930,601,2024-02-06
1090,3163,1317,2024-02-13
1091,2223,2022,2024-03-08
1092,1050,4057,2024-02-17
1093,3056,3642,2024-03-15
1094,293,4102,2024-02-14
1095,2751,3329,2024-02-16
1096,12,380,2024-03-22
1097,3205,4973,2024-02-18
1098,4938,2334,2024-03-19
1099,3767,4829,2024-02-24
1100,4119,3741,2024-03-07
1101,4225,1272,2024-03-01
1102,4109,4951,2024-02-11
1103,964,6,2024-02-06
1104,4255,3355,2024-03-24
1105,2570,4009,2024-02-11
1106,415,2463,2024-03-20
1107,1375,2240,2024-03-05
1108,4786,763,2024-03-13
1109,555,1150,2024-03-18
1110,3442,2829,2024-03-02
1111,545,3969,2024-02-14
1112,4325,2648,2024-03-24
1113,882,2682,2024-03-14
1114,4518,2441,2024-03-09
1115,4941,4730,2024-02-12
1116,151,4005,2024-03-17
1117,4343,2962,2024-02-27
1118,1341,1590,2024-03-23
1119,4553,1139,2024-03-23
1120,4419,3074,2024-03-31
1121,2428,3115,2024-02-01
1122,2750,4777,2024-02-12
1123,3058,1257,2024-03-08
1124,3022,4352,2024-03-10
1125,3968,77,2024-02-07
1126,2331,1015,2024-03-08
1127,1839,151,2024-02-16
1128,1466,738,2024-03-20
1129,1591,832,2024-03-06
1130,4552,370,2024-02-15
1131,208,3661,2024-03-30
1132,1809,2662,2024-03-21
1133,3620,2579,2024-03-30
1134,1069,2560,2024-03-15
1135,2686,4998,2024-03-26
1136,887,820,2024-02-28
1137,4341,780,2024-03-22
1138,3100,4917,2024-03-03
1139,840,779,2024-02-25
1140,1736,1208,2024-02-25
1141,4868,4298,2024-03-16
1142,2734,831,2024-03-10
1143,3934,1178,2024-02-08
1144,4584,3831,2024-03-12
1145,1679,536,2024-02-22
1146,3757,853,2024-02-16
1147,376,1247,2024-03-10
1148,431,1364,2024-02-24
1149,3102,2454,2024-02-21
1150,2027,556,2024-03-14
1151,113,2902,2024-03-18
1152,567,3420,2024-03-25
1153,394,939,2024-03-24
1154,493,4433,2024-03-25
1155,3759,2780,2024-02-13
1156,629,2053,2024-02-17
1157,1505,961,2024-02-27
1158,2811,1465,2024-03-09
1159,3306,783,2024-02-05
1160,3569,1460,2024-03-17
1161,2776,4740,2024-03-05
1162,245,1934,2024-03-20
1163,137,3693,2024-03-29
1164,18,900,2024-03-06
1165,1690,2656,2024-02-12
1166,1815,2675,2024-03-17
1167,2236,1638,2024-02-22
1168,777,3523,2024-02-13
1169,493,980,2024-02-14
1170,3461,855,2024-02-04
1171,756,517,2024-03-20
1172,1298,3337,2024-03-14
1173,687,19,2024-02-14
1174,162,1415,2024-03-23
1175,4971,4907,2024-02-15
1176,1526,3079,2024-02-23
1177,3817,4834,2024-02-13
1178,213,3631,2024-03-31
1179,1609,2610,2024-03-20
1180,4921,3667,2024-03-19
1181,2378,1449,2024-03-08
1182,3110,2355,2024-02-12
1183,1905,4795,2024-03-31
1184,2384,4858,2024-02-24
1185,771,3771,2024-02-18
1186,4610,2414,2024-03-02
1187,1739,4483,2024-02-11
1188,2258,2444,2024-03-05
1189,252,1860,2024-02-03
1190,751,4099,2024-02-12
1191,1882,4598,2024-02-12
1192,213,3469,2024-02-27
1193,1710,4398,2024-03-24
1194,3767,365,2024-02-21
1195,781,2249,2024-02-16
1196,335,4674,2024-03-28
1197,4093,870,2024-03-19
1198,4295,2599,2024-03-07
1199,4811,554,2024-02-15
1200,1995,2641,2024-03-17
1201,3281,1037,2024-02-03
1202,3159,802,2024-02-10
1203,4091,72,2024-03-02
1204,970,4480,2024-02-25
1205,3854,2902,2024-02-23
1206,3619,520,2024-02-20
1207,2685,1830,2024-02-16
1208,2735,3600,2024-03-10
1209,3724,2815,2024-03-29
1210,4701,1563,2024-03-13
1211,1784,2500,2024-02-21
1212,2057,4428,2024-02-21
1213,4334,2365,2024-03-08
1214,4188,1495,2024-02-17
1215,2514,4665,2024-03-01
1216,2212,4127,2024-03-17
1217,1691,1509,2024-02-02
1218,2403,2445,2024-03-20
1219,1959,156,2024-02-22
1220,3410,4703,2024-03-02
1221,959,4115,2024-03-24
1222,4400,4093,2024-03-29
1223,3305,4229,2024-02-04
1224,3667,2563,2024-02-01
1225,2795,888,2024-02-15
1226,793,3846,2024-03-26
1227,1094,3933,2024-03-14
1228,1344,830,2024-03-23
1229,357,233,2024-02-09
1230,4413,4131,2024-03-22
1231,3599,4970,2024-02-26
1232,3393,1752,2024-02-02
1233,4093,4405,2024-03-22
1234,3816,693,2024-02-20
1235,2857,2403,2024-03-25
1236,3859,1177,2024-03-25
1237,285,98,2024-02-05
1238,2656,4061,2024-03-13
1239,4784,38,2024-02-22
1240,4842,3817,2024-03-01
1241,3007,2331,2024-02-22
1242,3766,44,2024-02-08
1243,3753,173,2024-03-01
1244,3285,3518,2024-03-17
1245,3267,1200,2024-03-21
1246,1227,4576,2024-03-17
1247,299,2271,2024-02-03
1248,81,1415,2024-03-06
1249,3176,2429,2024-02-19
1250,4254,1454,2024-03-30
1251,4277,263,2024-02-04
1252,8,4209,2024-02-24
1253,3460,1132,2024-02-08
1254,1257,4487,2024-02-23
1255,2444,3209,2024-03-03
1256,4803,3111,2024-03-30
1257,2871,4467,2024-02-12
1258,534,836,2024-03-30
1259,2061,704,2024-03-27
1260,2587,4073,2024-03-09
1261,3115,18,2024-03-03
1262,4028,502,2024-03-27
1263,1815,2985,2024-02-05
1264,4778,764,2024-03-26
1265,4207,3313,2024-02-22
1266,4180,706,2024-02-05
1267,3043,3096,2024-02-08
1268,1186,2667,2024-03-10
1269,785,613,2024-02-06
1270,377,2666,2024-03-15
1271,267,2708,2024-03-11
1272,4799,1131,2024-02-18
1273,927,1363,2024-02-04
1274,2187,4725,2024-03-18
1275,3474,1295,2024-02-02
1276,1334,3168,2024-02-15
1277,30,3187,2024-03-25
1278,2661,91,2024-02-05
1279,4471,2644,2024-02-05
1280,2961,3964,2024-03-24
1281,4610,990,2024-03-15
1282,2704,753,2024-03-03
1283,1180,3902,2024-02-23
1284,2683,1607,2024-02-26
1285,736,461,2024-03-04
1286,675,3649,2024-02-02
1287,4046,188,2024-02-03
1288,2882,1126,2024-03-29
1289,1722,235,2024-03-21
1290,254,1439,2024-02-17
1291,3003,4323,2024-03-11
1292,1693,380,2024-02-11
1293,2018,737,2024-02-21
1294,4007,434,2024-02-17
1295,3604,4981,2024-03-29
1296,1242,4099,2024-02-08
1297,21,2296,2024-02-03
1298,3099,2647,2024-02-23
1299,1275,1764,2024-02-20
1300,1458,4137,2024-03-22
1301,510,4095,2024-02-27
1302,238,2953,2024-02-13
1303,3441,3384,2024-03-07
1304,3981,1394,2024-02-14
1305,1541,1172,2024-03-18
1306,3802,3188,2024-03-29
1307,1248,3346,2024-02-03
1308,925,4778,2024-03-02
1309,500,152,2024-03-19
1310,125,1539,2024-03-09
1311,4365,3318,2024-02-17
1312,4876,2155,2024-02-12
1313,784,2937,2024-02-29
1314,3707,1296,2024-02-28
1315,2922,1007,2024-03-05
1316,1266,4444,2024-03-02
1317,3527,2267,2024-02-03
1318,350,215,2024-03-11
1319,4080,4873,2024-03-30
1320,499,4374,2024-02-24
1321,1339,2301,2024-03-21
1322,1407,4267,2024-03-23
1323,2454,2562,2024-02-13
1324,4490,747,2024-03-11
1325,4687,584,2024-03-23
1326,4896,1545,2024-02-10
1327,2178,1814,2024-02-17
1328,806,2343,2024-02-10
1329,1139,3692,2024-02-05
1330,2161,3032,2024-03-31
1331,1062,932,2024-03-30
1332,2486,4738,2024-02-19
1333,882,167,2024-03-21
1334,591,1634,2024-03-28
1335,2567,73,2024-03-10
1336,3993,2852,2024-03-05
1337,4377,4537,2024-03-23
1338,3973,1513,2024-02-19
1339,2575,1156,2024-03-10
1340,934,1998,2024-02-14
1341,4999,2889,2024-03-29
1342,3052,3492,2024-02-01
1343,1133,4821,2024-03-09
1344,3033,1377,2024-02-05
1345,1866,4379,2024-03-12
1346,70,3999,2024-03-12
1347,3682,3808,2024-02-07
1348,1852,2072,2024-03-25
1349,1170,2189,2024-03-10
1350,3640,924,2024-02-09
1351,4382,4645,2024-03-04
1352,1055,2522,2024-02-15
1353,1500,2817,2024-03-23
1354,3478,800,2024-02-07
1355,3649,1932,2024-03-10
1356,974,3753,2024-02-18
1357,180,2747,2024-03-29
1358,2753,1774,2024-02-29
1359,3501,2210,2024-02-20
1360,3268,4708,2024-02-29
1361,2558,4529,2024-02-22
1362,4146,4618,2024-02-09
1363,2971,926,2024-03-10
1364,1490,2589,2024-03-09
1365,2222,1591,2024-03-23
1366,3339,3588,2024-02-27
1367,4735,1223,2024-03-17
1368,4460,3606,2024-02-02
1369,4853,2235,2024-03-21
1370,2142,1758,2024-03-29
1371,945,2766,2024-02-09
1372,1322,4423,2024-02-20
1373,419,182,2024-02-09
1374,2315,796,2024-03-02
1375,2825,4577,2024-03-10
1376,2189,846,2024-03-21
1377,4974,1094,2024-02-04
1378,2398,3235,2024-02-07
1379,2297,2596,2024-02-09
1380,3197,190,2024-03-24
1381,2422,1646,2024-02-12
1382,1630,1787,2024-02-13
1383,694,2934,2024-02-24
1384,2616,3666,2024-02-16
1385,4192,2185,2024-02-08
1386,735,807,2024-02-04
1387,152,125,2024-03-25
1388,878,1645,2024-03-30
1389,1469,2052,2024-02-14
1390,4983,3147,2024-03-18
1391,1496,4839,2024-03-07
1392,1917,3450,2024-03-28
1393,1344,2716,2024-02-04
1394,1443,3116,2024-03-30
1395,675,2941,2024-03-24
1396,2605,657,2024-02-11
1397,1589,292,2024-03-29
1398,4342,2819,2024-03-31
1399,3179,3347,2024-02-15
1400,544,4097,2024-02-10
1401,141,4373,2024-03-09
1402,199,416,2024-02-15
1403,4336,11,2024-03-24
1404,3416,4954,2024-02-13
1405,4468,1325,2024-02-24
1406,1351,3526,2024-02-25
1407,3210,345,2024-03-03
1408,692,3975,2024-03-28
1409,3190,1967,2024-03-24
1410,4385,1507,2024-03-02
1411,4835,3582,2024-03-26
1412,2072,4260,2024-03-20
1413,2122,1104,2024-03-04
1414,1672,1425,2024-02-13
1415,2970,3627,2024-02-15
1416,3094,2693,2024-02-16
1417,2780,1063,2024-03-01
1418,3874,2782,2024-02-08
1419,2243,2909,2024-03-29
1420,2725,1927,2024-03-28
1421,1736,3032,2024-02-20
1422,2125,3328,2024-02-02
1423,1728,2708,2024-02-24
1424,604,4699,2024-02-26
1425,477,2073,2024-02-01
1426,2714,1549,2024-02-27
1427,3980,3648,2024-02-09
1428,2354,1139,2024-02-13
1429,3230,61,2024-03-06
1430,4179,1385,2024-02-27
1431,3654,3716,2024-03-18
1432,3881,4637,2024-02-14
1433,2894,2295,2024-02-13
1434,2559,4427,2024-02-23
1435,1161,4913,2024-03-16
1436,2831,3699,2024-02-28
1437,3379,4333,2024-02-01
1438,137,3742,2024-03-03
1439,114,4297,2024-03-03
1440,4840,150,2024-03-18
1441,89,2252,2024-03-19
1442,2908,4833,2024-03-10
1443,3193,2791,2024-02-08
1444,917,3270,2024-02-19
1445,4689,949,2024-02-19
1446,1180,1288,2024-03-10
1447,3429,1392,2024-03-09
1448,3978,4916,2024-03-17
1449,1636,1081,2024-02-16
1450,1083,3374,2024-03-07
1451,4179,2783,2024-03-09
1452,3727,3256,2024-02-26
1453,1158,1174,2024-02-08
1454,397,4816,2024-03-06
1455,3078,1912,2024-03-04
1456,380,854,2024-02-02
1457,417,3310,2024-02-29
1458,1132,4120,2024-02-15
1459,3062,4199,2024-02-18
1460,752,4774,2024-03-10
1461,994,3150,2024-03-19
1462,4089,4441,2024-03-26
1463,1176,2021,2024-03-31
1464,89,4408,2024-02-02
1465,2406,205,2024-02-28
1466,2648,3258,2024-02-02
1467,1118,4140,2024-03-18
1468,3208,4344,2024-02-10
1469,2207,2470,2024-03-12
1470,949,1699,2024-03-13
1471,4348,4784,2024-03-25
1472,3594,2659,2024-02-11
1473,3791,2602,2024-02-13
1474,4205,1254,2024-03-04
1475,4688,897,2024-02-14
1476,110,1512,2024-03-02
1477,2820,4195,2024-02-08
1478,4968,1798,2024-03-28
1479,2691,2025,2024-02-04
1480,167,319,2024-02-16
1481,4686,2059,2024-03-16
1482,2120,366,2024-02-28
1483,3932,926,2024-03-14
1484,4320,4763,2024-02-10
1485,4620,2724,2024-03-04
1486,4875,3652,2024-03-31
1487,4062,3564,2024-03-14
1488,368,1477,2024-03-26
1489,4806,3896,2024-02-03
1490,883,3376,2024-02-28
1491,4958,854,2024-02-06
1492,1826,3871,2024-02-08
1493,3486,3820,2024-02-02
1494,1264,1435,2024-03-05
1495,4827,4744,2024-02-04
1496,615,934,2024-02-26
1497,830,1118,2024-03-31
1498,4280,3357,2024-03-21
1499,2184,3343,2024-03-27
1500,1012,711,2024-02-25
1501,684,1075,2024-02-20
1502,4119,666,2024-03-09
1503,1578,4518,2024-02-13
1504,2498,3056,2024-02-22
1505,3330,4730,2024-03-27
1506,37,579,2024-03-25
1507,1748,1871,2024-03-15
1508,811,1224,2024-03-23
1509,943,334,2024-03-12
1510,734,4797,2024-02-01
1511,139,2301,2024-02-04
1512,3139,2934,2024-03-01
1513,1959,1171,2024-02-16
1514,1665,1579,2024-03-25
1515,3220,3770,2024-02-24
1516,753,3225,2024-03-17
1517,1027,4355,2024-02-06
1518,2967,1022,2024-03-31
1519,874,629,2024-02-01
1520,1578,1788,2024-02-07
1521,3124,4216,2024-03-22
1522,2966,4558,2024-02-10
1523,830,1598,2024-02-13
1524,3128,4124,2024-02-20
1525,1015,3941,2024-03-08
1526,1687,224,2024-02-01
1527,1480,2056,2024-02-23
1528,54,107,2024-02-27
1529,2533,3799,2024-02-20
1530,2951,4735,2024-02-10
1531,489,194,2024-02-06
1532,2438,1974,2024-02-18
1533,2207,4810,2024-03-05
1534,863,3463,2024-03-03
1535,1230,4600,2024-02-06
1536,2772,4832,2024-03-26
1537,3155,1166,2024-02-08
1538,2454,768,2024-02-09
1539,4169,2932,2024-03-21
1540,167,775,2024-02-06
1541,666,1823,2024-03-13
1542,509,2291,2024-03-11
1543,277,815,2024-03-07
1544,1654,2627,2024-03-21
1545,1423,4173,2024-03-12
1546,3608,2125,2024-03-17
1547,498,3119,2024-03-10
1548,3361,2422,2024-02-26
1549,3968,3143,2024-02-25
1550,1022,231,2024-03-09
1551,2911,4905,2024-02-14
1552,3212,3130,2024-03-16
1553,15,435,2024-02-20
1554,1452,4468,2024-03-03
1555,911,532,2024-02-11
1556,4755,1620,2024-02-12
1557,3860,1309,2024-02-27
1558,1050,4317,2024-03-25
