match_id,sender_id,message_time
1,1423,2024-03-14
1,2263,2024-03-12
1,1423,2024-03-13
1,2263,2024-03-11
1,2263,2024-03-11
2,1838,2024-03-28
2,551,2024-04-02
2,1838,2024-03-30
3,4297,2024-02-12
4,4830,2024-04-06
5,800,2024-02-17
6,1118,2024-02-03
6,1118,2024-02-05
10,2041,2024-03-27
10,1906,2024-03-31
10,1906,2024-03-29
10,1906,2024-03-27
10,2041,2024-03-26
11,665,2024-03-18
11,829,2024-03-23
11,829,2024-03-18
11,829,2024-03-23
11,829,2024-03-21
13,4750,2024-02-14
13,4321,2024-02-15
14,2735,2024-03-01
15,4956,2024-03-31
16,1138,2024-02-19
20,1735,2024-03-08
20,1735,2024-03-07
20,2584,2024-03-08
20,1735,2024-03-06
20,1735,2024-03-06
22,4752,2024-03-10
22,1297,2024-03-12
22,1297,2024-03-09
23,897,2024-02-19
23,4018,2024-02-20
24,4981,2024-02-19
24,4981,2024-02-18
24,4981,2024-02-17
26,3090,2024-04-02
26,2860,2024-03-28
26,3090,2024-03-30
28,4669,2024-02-11
31,4151,2024-03-30
34,1211,2024-02-24
39,3776,2024-03-18
39,3776,2024-03-20
42,3798,2024-03-18
42,1372,2024-03-20
46,2235,2024-03-15
47,2274,2024-04-02
48,4612,2024-02-14
48,4612,2024-02-14
48,4612,2024-02-12
48,4612,2024-02-11
49,1748,2024-02-29
52,381,2024-03-31
52,4198,2024-04-06
52,4198,2024-04-03
53,2890,2024-03-31
53,2890,2024-04-05
54,732,2024-03-11
54,732,2024-03-13
54,498,2024-03-15
54,498,2024-03-14
54,498,2024-03-10
56,4645,2024-02-21
56,4645,2024-02-21
56,4645,2024-02-19
59,4950,2024-02-14
60,3132,2024-02-24
60,527,2024-02-23
61,2523,2024-03-30
61,1538,2024-04-01
61,1538,2024-03-30
62,874,2024-02-28
62,1530,2024-02-26
64,3241,2024-02-24
64,3241,2024-02-22
64,2457,2024-02-24
64,2457,2024-02-23
64,3241,2024-02-19
65,3527,2024-03-27
65,2883,2024-03-27
65,3527,2024-03-29
68,4570,2024-02-13
68,4570,2024-02-08
68,4570,2024-02-13
68,4570,2024-02-09
68,4570,2024-02-14
75,1807,2024-02-02
75,1807,2024-02-08
75,185,2024-02-02
75,185,2024-02-08
76,8,2024-02-02
76,442,2024-02-07
76,8,2024-02-07
76,442,2024-02-04
77,2500,2024-02-24
81,3806,2024-02-05
81,903,2024-02-02
84,1019,2024-04-01
84,1730,2024-03-29
84,1730,2024-03-31
86,1439,2024-02-24
86,1439,2024-02-23
86,1439,2024-02-23
86,1250,2024-02-24
86,1250,2024-02-26
87,2720,2024-03-18
87,3604,2024-03-13
87,2720,2024-03-13
87,2720,2024-03-17
87,3604,2024-03-13
91,4225,2024-02-11
91,1783,2024-02-13
98,50,2024-03-19
98,50,2024-03-21
99,4258,2024-03-22
99,4258,2024-03-21
101,4508,2024-02-24
102,3753,2024-03-07
103,4918,2024-02-25
103,4918,2024-02-24
103,224,2024-02-28
103,224,2024-02-27
103,4918,2024-03-01
104,2014,2024-03-21
104,2014,2024-03-21
104,2014,2024-03-24
104,1756,2024-03-24
104,2014,2024-03-24
105,2469,2024-03-11
106,2532,2024-02-24
106,2532,2024-02-25
106,4234,2024-02-23
106,2532,2024-02-24
106,2532,2024-02-26
108,4397,2024-03-24
108,169,2024-03-21
108,4397,2024-03-26
108,4397,2024-03-20
108,4397,2024-03-23
110,2710,2024-02-09
110,2710,2024-02-11
110,2710,2024-02-07
110,2710,2024-02-08
110,2710,2024-02-11
111,1400,2024-02-26
113,3078,2024-03-23
115,2918,2024-03-29
116,1030,2024-03-10
116,2523,2024-03-11
116,1030,2024-03-10
117,85,2024-03-08
117,85,2024-03-09
117,85,2024-03-10
118,2147,2024-03-11
118,3934,2024-03-08
118,2147,2024-03-06
118,3934,2024-03-10
118,2147,2024-03-06
120,2614,2024-02-18
121,3667,2024-02-07
121,3667,2024-02-09
121,4351,2024-02-11
121,4351,2024-02-08
121,4351,2024-02-12
125,2554,2024-02-12
125,741,2024-02-16
125,2554,2024-02-13
125,741,2024-02-15
129,3688,2024-02-07
130,3857,2024-03-27
130,3857,2024-03-30
131,4317,2024-02-17
132,4153,2024-02-11
132,4883,2024-02-11
132,4153,2024-02-08
132,4153,2024-02-08
132,4883,2024-02-10
134,4477,2024-02-07
134,2268,2024-02-09
134,2268,2024-02-09
134,4477,2024-02-04
134,4477,2024-02-09
135,4451,2024-02-06
135,4451,2024-02-12
136,44,2024-02-21
136,44,2024-02-21
136,1381,2024-02-21
136,44,2024-02-22
137,1530,2024-03-09
137,4213,2024-03-11
138,4573,2024-04-03
140,1751,2024-03-31
140,1751,2024-04-01
141,1094,2024-03-20
141,1008,2024-03-24
141,1094,2024-03-26
141,1094,2024-03-25
143,3629,2024-03-05
143,2346,2024-03-10
143,3629,2024-03-05
143,2346,2024-03-08
145,3797,2024-03-04
145,3797,2024-03-02
145,4383,2024-03-06
146,186,2024-02-14
146,4432,2024-02-15
146,186,2024-02-16
146,4432,2024-02-14
151,823,2024-03-29
152,4581,2024-04-04
152,4581,2024-04-01
152,2009,2024-04-04
153,2830,2024-02-14
153,2830,2024-02-19
153,1873,2024-02-19
153,2830,2024-02-15
154,2888,2024-03-11
154,1175,2024-03-12
154,1175,2024-03-07
157,4097,2024-04-01
157,2180,2024-03-28
160,4009,2024-03-20
160,1684,2024-03-15
161,3779,2024-03-23
162,2803,2024-02-25
162,2331,2024-02-26
162,2803,2024-02-28
162,2331,2024-02-27
162,2331,2024-02-28
163,1546,2024-03-10
163,177,2024-03-12
164,1817,2024-02-26
164,841,2024-02-21
164,841,2024-02-21
167,3908,2024-03-31
168,1681,2024-03-06
168,1681,2024-03-07
168,1681,2024-03-07
169,2669,2024-03-09
169,2669,2024-03-03
169,2669,2024-03-03
171,681,2024-03-25
171,946,2024-03-25
171,946,2024-03-29
171,946,2024-03-27
171,681,2024-03-23
173,1833,2024-02-17
173,4493,2024-02-20
173,1833,2024-02-19
173,1833,2024-02-16
176,3665,2024-03-12
176,3665,2024-03-14
176,3831,2024-03-14
176,3665,2024-03-13
176,3665,2024-03-13
177,861,2024-03-30
177,861,2024-04-01
177,4165,2024-04-01
179,688,2024-03-02
179,4629,2024-03-02
179,4629,2024-02-27
180,1199,2024-02-10
180,1833,2024-02-11
180,1833,2024-02-07
190,1099,2024-02-21
190,64,2024-02-19
190,1099,2024-02-22
190,1099,2024-02-22
191,4657,2024-02-06
195,2724,2024-02-22
195,1503,2024-02-24
195,1503,2024-02-23
195,1503,2024-02-23
196,192,2024-03-07
197,4139,2024-03-18
197,4139,2024-03-22
199,4709,2024-02-23
199,4709,2024-02-23
201,4097,2024-02-19
202,4579,2024-04-04
202,4579,2024-04-05
202,4591,2024-04-01
202,4591,2024-04-02
202,4579,2024-03-31
203,119,2024-03-31
203,119,2024-03-31
203,3282,2024-04-06
204,2654,2024-03-11
206,4037,2024-02-22
206,4037,2024-02-23
206,4750,2024-02-21
208,46,2024-02-04
209,3572,2024-02-12
212,3999,2024-02-23
212,3682,2024-02-25
212,3999,2024-02-24
212,3682,2024-02-19
212,3999,2024-02-19
213,3578,2024-03-27
213,4230,2024-03-25
213,3578,2024-03-31
213,4230,2024-03-27
213,4230,2024-03-30
215,1198,2024-03-27
215,3096,2024-03-26
215,1198,2024-03-26
215,3096,2024-03-25
215,1198,2024-03-25
216,3952,2024-03-31
216,3952,2024-03-31
216,3952,2024-03-25
217,3704,2024-03-15
218,3033,2024-02-11
218,3033,2024-02-09
218,3033,2024-02-07
218,3033,2024-02-07
219,3699,2024-03-18
219,3699,2024-03-17
219,1269,2024-03-20
219,1269,2024-03-19
220,756,2024-03-10
220,756,2024-03-13
220,4088,2024-03-12
220,4088,2024-03-09
220,756,2024-03-12
222,4220,2024-04-04
222,4931,2024-04-03
223,1663,2024-02-07
224,2866,2024-02-29
224,2866,2024-03-04
224,2108,2024-03-01
224,2866,2024-02-29
224,2866,2024-03-03
227,4713,2024-02-23
228,2932,2024-02-26
228,1453,2024-03-01
229,2993,2024-02-23
229,2993,2024-02-21
229,3907,2024-02-21
232,2095,2024-03-02
232,2095,2024-02-28
232,2095,2024-03-02
232,3379,2024-03-01
232,2095,2024-02-27
235,543,2024-02-26
235,319,2024-02-29
235,319,2024-03-01
235,319,2024-03-01
235,543,2024-03-01
236,2674,2024-04-01
237,94,2024-02-13
237,4709,2024-02-09
237,94,2024-02-15
238,1517,2024-02-14
238,1517,2024-02-12
238,1517,2024-02-13
238,2255,2024-02-15
242,57,2024-02-17
242,57,2024-02-20
245,3058,2024-02-22
245,2950,2024-02-22
245,3058,2024-02-22
246,2787,2024-03-24
246,1687,2024-03-24
246,2787,2024-03-30
246,2787,2024-03-28
246,2787,2024-03-29
247,3418,2024-03-02
249,3180,2024-03-30
249,3180,2024-04-04
249,2279,2024-03-31
252,3037,2024-03-02
252,4832,2024-02-27
252,4832,2024-02-29
253,4491,2024-02-02
253,4491,2024-02-08
253,4491,2024-02-05
254,1378,2024-02-17
254,1378,2024-02-18
254,2993,2024-02-17
256,3031,2024-03-11
257,3456,2024-04-03
257,3456,2024-04-04
257,3456,2024-03-31
257,2076,2024-03-31
258,945,2024-03-14
259,2622,2024-02-12
261,1714,2024-03-10
261,1714,2024-03-08
264,3653,2024-02-28
265,4282,2024-03-31
265,4282,2024-03-30
265,4175,2024-04-04
265,4282,2024-04-04
265,4175,2024-03-31
266,4088,2024-02-18
266,2486,2024-02-19
266,2486,2024-02-19
266,4088,2024-02-17
269,278,2024-03-20
269,278,2024-03-17
270,1198,2024-03-13
270,1198,2024-03-17
270,1198,2024-03-17
270,1161,2024-03-18
271,477,2024-03-29
271,477,2024-03-29
271,2175,2024-03-25
273,774,2024-02-06
274,1940,2024-02-14
274,1940,2024-02-18
274,3047,2024-02-17
274,3047,2024-02-19
276,1346,2024-03-07
276,1346,2024-03-11
276,2811,2024-03-06
276,1346,2024-03-06
277,3689,2024-03-24
277,3689,2024-03-22
277,3689,2024-03-22
277,3689,2024-03-21
277,3631,2024-03-24
278,3109,2024-02-10
279,1858,2024-03-22
279,1858,2024-03-22
279,2311,2024-03-24
279,1858,2024-03-21
282,651,2024-03-05
286,794,2024-03-19
286,794,2024-03-19
286,794,2024-03-19
288,384,2024-02-23
288,384,2024-02-18
291,4758,2024-03-05
294,3874,2024-02-25
294,3874,2024-02-24
294,1931,2024-02-25
294,3874,2024-02-25
294,1931,2024-02-24
295,3040,2024-02-05
295,3678,2024-02-03
295,3040,2024-02-07
295,3040,2024-02-04
295,3678,2024-02-02
296,1351,2024-03-05
296,1351,2024-03-03
298,727,2024-03-11
298,727,2024-03-12
298,2220,2024-03-09
298,2220,2024-03-10
298,727,2024-03-10
300,130,2024-03-29
300,130,2024-03-29
300,130,2024-03-29
300,2431,2024-04-03
301,1521,2024-04-05
302,4981,2024-02-08
302,2947,2024-02-12
302,2947,2024-02-07
304,3224,2024-02-25
304,875,2024-02-24
304,3224,2024-02-21
304,3224,2024-02-19
304,875,2024-02-25
306,246,2024-02-14
306,246,2024-02-13
307,3872,2024-03-13
310,900,2024-03-25
310,3246,2024-03-25
310,3246,2024-03-28
310,900,2024-03-30
310,900,2024-03-25
311,2829,2024-02-25
311,2829,2024-03-01
311,2829,2024-02-28
312,3864,2024-03-05
313,3894,2024-02-27
313,3894,2024-02-27
313,3894,2024-02-28
313,4454,2024-02-28
314,4943,2024-03-02
314,4943,2024-03-01
314,4943,2024-02-29
315,3190,2024-03-17
316,566,2024-03-12
319,3762,2024-02-06
319,3228,2024-02-08
320,4611,2024-02-06
320,4611,2024-02-11
320,4611,2024-02-12
320,4611,2024-02-06
321,2231,2024-02-18
322,4531,2024-02-26
322,4531,2024-03-01
322,2220,2024-02-27
322,2220,2024-03-02
324,141,2024-02-09
324,1961,2024-02-06
324,1961,2024-02-08
324,141,2024-02-06
328,345,2024-03-15
329,1928,2024-03-01
329,2410,2024-03-02
329,2410,2024-03-02
331,3804,2024-03-10
331,3804,2024-03-09
331,3804,2024-03-09
332,413,2024-03-11
332,3573,2024-03-15
335,3854,2024-02-25
337,3194,2024-02-21
337,3194,2024-02-20
337,1630,2024-02-20
337,1630,2024-02-18
337,3194,2024-02-15
338,2148,2024-03-08
338,2200,2024-03-12
338,2200,2024-03-08
338,2148,2024-03-12
340,1596,2024-02-14
340,1596,2024-02-18
340,3160,2024-02-17
340,3160,2024-02-15
341,3797,2024-03-26
341,2147,2024-03-26
341,3797,2024-03-27
343,2611,2024-02-26
343,3305,2024-02-26
343,2611,2024-02-25
343,2611,2024-02-26
344,639,2024-03-31
344,2477,2024-03-27
344,639,2024-03-29
345,174,2024-03-21
345,3513,2024-03-24
346,725,2024-03-16
349,47,2024-03-02
354,1187,2024-03-08
355,3025,2024-02-18
355,3025,2024-02-19
355,3025,2024-02-16
358,544,2024-02-26
358,544,2024-02-23
358,930,2024-02-25
359,1557,2024-03-10
360,520,2024-02-16
360,520,2024-02-15
361,832,2024-03-22
363,2395,2024-03-21
363,4459,2024-03-20
363,2395,2024-03-18
363,2395,2024-03-21
363,2395,2024-03-19
364,4250,2024-03-29
364,4087,2024-04-03
365,2361,2024-03-15
365,2361,2024-03-18
365,4484,2024-03-15
366,3283,2024-03-25
366,1056,2024-03-28
366,1056,2024-03-26
366,3283,2024-03-22
366,1056,2024-03-27
369,1452,2024-04-04
369,4932,2024-03-31
369,1452,2024-03-30
369,4932,2024-04-02
369,1452,2024-04-05
370,205,2024-02-07
370,3379,2024-02-05
370,205,2024-02-05
372,930,2024-02-21
372,69,2024-02-24
372,930,2024-02-19
372,930,2024-02-22
373,3630,2024-02-17
378,2157,2024-03-15
378,2157,2024-03-15
378,2157,2024-03-16
380,72,2024-02-14
380,72,2024-02-12
381,2479,2024-03-01
381,2479,2024-02-28
381,87,2024-03-02
381,2479,2024-02-29
386,2344,2024-02-19
386,4746,2024-02-16
387,2917,2024-03-20
387,3964,2024-03-19
387,2917,2024-03-22
387,2917,2024-03-19
387,2917,2024-03-19
388,2715,2024-04-03
391,4334,2024-03-06
391,4334,2024-03-07
391,4334,2024-03-07
391,4334,2024-03-08
392,3756,2024-03-20
392,3756,2024-03-22
392,4966,2024-03-24
392,3756,2024-03-23
392,3756,2024-03-24
398,1314,2024-02-14
398,4043,2024-02-12
398,4043,2024-02-11
398,1314,2024-02-14
398,1314,2024-02-09
399,2822,2024-02-20
399,4644,2024-02-19
399,4644,2024-02-22
400,611,2024-02-28
400,2776,2024-02-24
400,611,2024-02-25
402,4034,2024-03-16
402,4034,2024-03-17
402,4034,2024-03-11
403,1801,2024-02-26
403,2363,2024-02-24
403,1801,2024-02-27
403,1801,2024-02-28
403,1801,2024-02-29
404,2687,2024-04-04
404,1024,2024-04-01
404,1024,2024-04-03
404,2687,2024-04-05
407,3487,2024-02-21
407,3642,2024-02-22
411,1910,2024-03-12
411,4062,2024-03-16
411,1910,2024-03-17
413,4483,2024-03-16
413,3691,2024-03-17
413,3691,2024-03-16
414,3324,2024-03-17
415,1915,2024-02-04
415,1915,2024-02-03
415,1915,2024-02-02
415,1006,2024-02-03
418,1753,2024-03-10
418,1796,2024-03-09
418,1753,2024-03-09
418,1753,2024-03-10
419,1894,2024-03-13
419,2687,2024-03-11
419,2687,2024-03-12
420,3497,2024-03-30
420,3497,2024-04-01
420,3497,2024-04-03
420,478,2024-04-04
421,4877,2024-03-08
421,1144,2024-03-09
423,2776,2024-02-19
423,1305,2024-02-19
424,531,2024-02-07
424,2066,2024-02-05
424,2066,2024-02-07
425,3013,2024-03-07
428,2001,2024-02-17
428,2001,2024-02-14
428,2863,2024-02-14
429,4736,2024-03-15
429,4736,2024-03-13
429,2969,2024-03-13
429,4736,2024-03-18
430,3318,2024-02-13
430,4600,2024-02-12
431,2797,2024-04-03
431,2186,2024-03-31
431,2797,2024-04-02
431,2797,2024-04-02
432,3011,2024-02-09
432,3011,2024-02-12
432,3011,2024-02-10
434,1143,2024-02-17
435,3406,2024-02-13
435,3406,2024-02-09
436,3019,2024-03-10
436,3405,2024-03-12
436,3405,2024-03-11
437,4803,2024-02-29
437,4803,2024-03-02
437,4800,2024-02-28
438,1094,2024-02-29
438,1094,2024-02-29
439,1051,2024-03-18
440,105,2024-02-07
440,2982,2024-02-09
440,105,2024-02-07
440,105,2024-02-10
440,105,2024-02-08
441,4673,2024-02-23
441,3119,2024-02-20
441,4673,2024-02-20
441,4673,2024-02-18
441,4673,2024-02-22
443,2683,2024-03-10
443,2683,2024-03-14
443,2683,2024-03-14
443,2683,2024-03-13
443,2683,2024-03-09
445,62,2024-03-10
445,62,2024-03-12
445,4587,2024-03-12
445,62,2024-03-11
445,62,2024-03-09
446,16,2024-03-11
446,16,2024-03-12
446,16,2024-03-11
446,3210,2024-03-16
447,2110,2024-02-27
447,945,2024-02-26
447,945,2024-02-24
447,945,2024-02-28
448,1653,2024-02-28
451,2174,2024-03-16
451,2195,2024-03-16
451,2195,2024-03-17
452,4642,2024-03-17
452,4642,2024-03-17
452,4642,2024-03-20
453,1073,2024-03-29
453,1116,2024-03-27
453,1116,2024-03-31
454,4398,2024-03-16
454,4398,2024-03-14
455,4476,2024-03-17
456,3207,2024-03-23
456,3095,2024-03-23
456,3207,2024-03-27
456,3207,2024-03-26
456,3207,2024-03-26
457,2053,2024-02-25
457,2053,2024-02-25
457,2053,2024-02-26
458,4282,2024-02-22
458,4282,2024-02-23
462,567,2024-04-01
462,567,2024-03-28
462,567,2024-03-27
462,1050,2024-03-30
465,235,2024-03-21
465,235,2024-03-24
465,235,2024-03-23
468,772,2024-02-06
468,772,2024-02-04
468,772,2024-02-04
468,772,2024-02-05
468,772,2024-02-05
471,371,2024-03-28
471,1659,2024-03-27
471,1659,2024-03-26
471,1659,2024-03-22
471,371,2024-03-26
472,2648,2024-02-19
472,2138,2024-02-21
474,3610,2024-03-08
474,3610,2024-03-04
480,2520,2024-02-17
481,1008,2024-03-09
481,3199,2024-03-12
481,1008,2024-03-08
483,586,2024-02-17
483,1955,2024-02-13
483,1955,2024-02-17
484,581,2024-03-17
484,581,2024-03-17
484,70,2024-03-17
486,2993,2024-02-24
486,2993,2024-02-28
488,2041,2024-03-03
488,2041,2024-02-29
488,3876,2024-02-28
488,3876,2024-02-29
488,3876,2024-03-02
489,3126,2024-03-09
489,1239,2024-03-06
489,1239,2024-03-10
489,1239,2024-03-10
490,1110,2024-02-09
490,1110,2024-02-13
490,1110,2024-02-08
490,1110,2024-02-08
492,1952,2024-02-25
492,1952,2024-02-28
492,2518,2024-02-28
492,1952,2024-02-23
495,4946,2024-02-19
495,4946,2024-02-21
495,4946,2024-02-16
495,1326,2024-02-17
497,2811,2024-02-19
497,3339,2024-02-18
499,1870,2024-02-25
499,1473,2024-02-24
500,4964,2024-03-14
500,4964,2024-03-14
500,524,2024-03-11
500,524,2024-03-15
502,1804,2024-03-05
503,1784,2024-02-07
503,1784,2024-02-08
503,1784,2024-02-09
503,2535,2024-02-05
503,2535,2024-02-06
504,4961,2024-02-17
504,4961,2024-02-21
504,3069,2024-02-21
504,4961,2024-02-20
506,1192,2024-02-08
506,1192,2024-02-09
508,1960,2024-02-29
508,1467,2024-02-27
508,1467,2024-03-04
508,1467,2024-03-02
510,2480,2024-03-10
510,2480,2024-03-08
510,1411,2024-03-08
510,2480,2024-03-12
511,526,2024-03-16
511,526,2024-03-20
513,486,2024-02-12
514,2672,2024-02-14
514,2672,2024-02-19
514,2672,2024-02-16
515,1087,2024-02-10
515,1087,2024-02-07
516,2416,2024-03-13
519,3053,2024-03-22
519,1450,2024-03-23
519,1450,2024-03-21
519,3053,2024-03-23
520,2047,2024-02-01
520,1132,2024-02-02
521,3840,2024-02-15
521,3840,2024-02-16
521,1288,2024-02-16
523,3402,2024-02-16
523,3402,2024-02-14
523,3402,2024-02-14
525,815,2024-03-04
526,2596,2024-03-27
526,2596,2024-03-29
526,2596,2024-03-28
527,4462,2024-03-08
527,4462,2024-03-08
527,4462,2024-03-11
527,4462,2024-03-06
528,4170,2024-03-23
528,4170,2024-03-20
528,3804,2024-03-18
528,4170,2024-03-21
528,3804,2024-03-22
529,537,2024-03-17
529,537,2024-03-17
529,537,2024-03-15
531,496,2024-02-05
531,4244,2024-02-02
531,4244,2024-02-06
531,4244,2024-02-07
532,1466,2024-02-26
532,1310,2024-02-25
533,793,2024-04-06
533,4382,2024-04-01
534,416,2024-03-23
534,4174,2024-03-24
534,416,2024-03-18
534,4174,2024-03-20
534,4174,2024-03-21
536,705,2024-03-22
536,705,2024-03-22
536,2282,2024-03-23
536,705,2024-03-22
541,3980,2024-02-07
541,3641,2024-02-02
546,967,2024-03-14
546,754,2024-03-14
546,754,2024-03-13
546,754,2024-03-10
546,754,2024-03-13
547,3384,2024-03-18
547,830,2024-03-13
547,3384,2024-03-18
547,3384,2024-03-14
547,3384,2024-03-14
550,3938,2024-02-17
550,835,2024-02-12
553,2186,2024-03-23
553,2186,2024-03-23
553,2186,2024-03-25
553,4617,2024-03-25
553,4617,2024-03-25
554,2319,2024-03-07
555,4540,2024-03-11
557,4050,2024-03-14
557,4050,2024-03-12
557,4050,2024-03-12
558,4159,2024-03-19
558,2740,2024-03-20
558,4159,2024-03-16
558,4159,2024-03-21
558,2740,2024-03-22
559,1911,2024-02-08
559,4701,2024-02-11
559,1911,2024-02-12
559,1911,2024-02-06
560,4931,2024-03-31
560,4931,2024-03-29
560,4931,2024-04-04
561,1757,2024-04-06
561,1582,2024-04-06
563,1992,2024-03-19
563,593,2024-03-23
563,593,2024-03-25
564,1351,2024-02-20
564,1351,2024-02-21
564,969,2024-02-20
564,1351,2024-02-21
564,1351,2024-02-20
565,1451,2024-03-26
565,706,2024-03-29
565,1451,2024-03-29
566,4232,2024-03-19
567,2018,2024-03-17
567,3015,2024-03-20
567,3015,2024-03-18
567,2018,2024-03-17
567,3015,2024-03-15
568,2981,2024-02-18
568,2868,2024-02-19
568,2868,2024-02-22
570,3975,2024-03-05
571,647,2024-02-04
571,647,2024-02-08
571,647,2024-02-10
571,3669,2024-02-10
572,2958,2024-02-18
572,2183,2024-02-19
572,2958,2024-02-22
574,65,2024-02-14
574,1049,2024-02-18
575,942,2024-02-19
576,3156,2024-03-04
576,3156,2024-03-06
576,385,2024-03-05
576,3156,2024-03-04
576,3156,2024-02-29
582,928,2024-03-29
582,928,2024-03-27
584,3549,2024-02-25
584,3549,2024-02-29
584,4751,2024-03-01
584,4751,2024-02-29
585,2775,2024-03-24
585,2775,2024-03-27
587,2297,2024-03-29
587,2297,2024-03-29
587,2020,2024-03-30
587,2297,2024-04-03
590,3284,2024-02-26
590,775,2024-02-25
590,3284,2024-02-25
590,3284,2024-02-23
590,3284,2024-02-25
594,2133,2024-03-23
594,3825,2024-03-25
594,2133,2024-03-28
594,2133,2024-03-27
594,2133,2024-03-25
595,2436,2024-03-06
596,2998,2024-04-05
596,268,2024-03-31
597,3557,2024-04-05
597,3227,2024-04-05
600,4075,2024-02-23
601,3082,2024-03-20
601,4578,2024-03-15
601,3082,2024-03-14
601,4578,2024-03-16
601,4578,2024-03-17
602,3803,2024-02-14
602,3803,2024-02-12
602,425,2024-02-12
602,425,2024-02-15
602,425,2024-02-17
603,2660,2024-03-12
604,2181,2024-03-04
604,2181,2024-03-05
604,2181,2024-03-08
604,1407,2024-03-07
604,2181,2024-03-03
608,3169,2024-04-04
608,1252,2024-04-01
613,1369,2024-03-27
613,4713,2024-03-29
613,4713,2024-03-27
613,4713,2024-03-25
613,1369,2024-03-30
614,3315,2024-02-01
615,597,2024-02-18
615,597,2024-02-24
615,597,2024-02-22
615,2499,2024-02-23
615,2499,2024-02-19
616,3738,2024-02-09
616,3738,2024-02-07
616,3738,2024-02-10
616,3797,2024-02-12
616,3797,2024-02-07
617,2878,2024-02-23
617,2878,2024-02-22
617,1290,2024-02-23
617,1290,2024-02-20
618,2655,2024-04-06
619,1320,2024-02-17
619,4309,2024-02-17
619,4309,2024-02-19
619,4309,2024-02-14
622,3873,2024-03-20
622,3179,2024-03-21
622,3873,2024-03-19
622,3873,2024-03-18
622,3873,2024-03-22
623,2607,2024-03-24
623,3069,2024-03-27
624,4101,2024-02-23
624,4101,2024-02-19
624,4101,2024-02-21
626,3543,2024-03-18
626,1449,2024-03-20
627,3867,2024-02-22
627,4340,2024-02-22
627,3867,2024-02-27
627,4340,2024-02-26
627,3867,2024-02-26
628,1178,2024-03-05
628,1178,2024-02-29
628,1178,2024-03-02
628,1178,2024-03-03
629,4415,2024-02-06
630,310,2024-02-12
630,1264,2024-02-14
630,310,2024-02-17
630,1264,2024-02-12
633,4771,2024-02-11
633,890,2024-02-14
633,4771,2024-02-15
634,496,2024-02-16
634,496,2024-02-15
634,496,2024-02-12
635,369,2024-02-23
635,369,2024-02-22
635,369,2024-02-24
635,191,2024-02-20
635,369,2024-02-23
636,985,2024-02-08
638,4510,2024-02-17
639,1658,2024-03-22
639,1658,2024-03-26
639,3488,2024-03-26
639,1658,2024-03-23
639,3488,2024-03-25
640,3643,2024-03-12
640,1504,2024-03-13
640,3643,2024-03-10
640,3643,2024-03-14
640,1504,2024-03-15
642,3194,2024-03-07
642,3033,2024-03-04
644,1315,2024-02-10
644,2982,2024-02-10
645,2265,2024-02-21
646,1568,2024-03-04
647,4372,2024-02-12
647,4372,2024-02-13
647,2419,2024-02-12
647,2419,2024-02-07
647,4372,2024-02-08
648,230,2024-02-28
649,1863,2024-02-04
649,1863,2024-02-03
650,4357,2024-02-28
653,935,2024-03-12
653,935,2024-03-11
654,3745,2024-03-14
654,1186,2024-03-10
654,1186,2024-03-12
656,4007,2024-03-19
656,4007,2024-03-13
656,878,2024-03-14
659,277,2024-03-31
659,277,2024-03-28
659,2144,2024-04-02
660,564,2024-02-18
660,472,2024-02-22
660,472,2024-02-19
660,472,2024-02-24
660,564,2024-02-21
661,4673,2024-02-22
661,1780,2024-02-20
661,4673,2024-02-24
662,736,2024-02-06
662,1098,2024-02-05
663,4025,2024-03-12
663,4797,2024-03-13
663,4797,2024-03-10
663,4797,2024-03-12
665,4805,2024-02-24
665,4805,2024-02-26
665,4805,2024-02-24
665,4805,2024-02-24
665,197,2024-03-01
667,4304,2024-02-25
667,4304,2024-02-28
668,2840,2024-02-14
668,2840,2024-02-18
668,2840,2024-02-14
669,1921,2024-03-29
669,1654,2024-04-01
670,3854,2024-03-11
671,2209,2024-04-01
672,4768,2024-02-10
672,4768,2024-02-12
672,4768,2024-02-15
672,4768,2024-02-10
674,4455,2024-03-04
674,2880,2024-03-10
674,2880,2024-03-04
674,2880,2024-03-10
675,4036,2024-04-03
675,2897,2024-04-01
677,4383,2024-03-24
682,736,2024-03-29
682,736,2024-03-29
683,590,2024-02-08
683,590,2024-02-08
683,590,2024-02-06
683,590,2024-02-06
684,4029,2024-02-08
684,3960,2024-02-08
685,76,2024-03-26
686,802,2024-02-09
686,1924,2024-02-10
686,1924,2024-02-05
686,802,2024-02-07
689,4062,2024-03-16
690,4979,2024-02-11
690,2494,2024-02-12
690,4979,2024-02-14
691,977,2024-03-23
691,977,2024-03-20
692,2196,2024-04-02
692,1507,2024-03-30
692,1507,2024-04-04
692,2196,2024-04-03
694,427,2024-03-19
694,427,2024-03-21
694,427,2024-03-20
696,2521,2024-02-08
696,2521,2024-02-09
699,4435,2024-02-28
699,3984,2024-02-26
699,3984,2024-02-28
701,2122,2024-03-10
701,2122,2024-03-12
701,2122,2024-03-11
701,2122,2024-03-10
701,250,2024-03-12
702,3011,2024-02-14
702,4967,2024-02-09
703,2171,2024-03-14
703,2171,2024-03-16
703,105,2024-03-14
703,2171,2024-03-18
703,2171,2024-03-15
704,321,2024-02-15
704,321,2024-02-14
704,321,2024-02-18
704,2490,2024-02-16
705,341,2024-02-24
705,1685,2024-02-22
705,1685,2024-02-28
707,555,2024-03-19
707,591,2024-03-18
707,591,2024-03-19
707,555,2024-03-16
708,2445,2024-02-28
708,1604,2024-02-27
708,2445,2024-02-27
708,2445,2024-03-02
708,2445,2024-03-03
715,4453,2024-03-24
715,3979,2024-03-28
715,3979,2024-03-27
715,3979,2024-03-27
716,399,2024-03-14
716,399,2024-03-08
717,396,2024-03-05
717,396,2024-03-03
717,396,2024-03-03
717,396,2024-03-08
717,2193,2024-03-03
718,1940,2024-02-11
718,4222,2024-02-13
718,1940,2024-02-11
718,4222,2024-02-09
718,4222,2024-02-12
720,4848,2024-03-13
720,4848,2024-03-16
720,4848,2024-03-15
722,4718,2024-04-01
722,4718,2024-04-02
722,4718,2024-03-30
722,363,2024-03-30
727,4782,2024-04-01
727,4782,2024-04-06
727,4782,2024-04-04
727,3300,2024-04-02
727,3300,2024-04-01
728,4675,2024-03-27
728,4675,2024-03-29
728,4675,2024-03-24
728,3023,2024-03-29
729,764,2024-02-17
729,596,2024-02-22
729,596,2024-02-16
729,764,2024-02-20
731,2892,2024-03-22
731,2892,2024-03-25
731,3501,2024-03-26
731,3501,2024-03-21
731,2892,2024-03-27
733,727,2024-02-06
733,727,2024-02-12
733,4592,2024-02-09
733,727,2024-02-09
735,4575,2024-03-11
735,3357,2024-03-09
735,4575,2024-03-12
736,1035,2024-02-15
736,2449,2024-02-12
739,1833,2024-04-02
740,2388,2024-02-07
740,2388,2024-02-07
740,2717,2024-02-05
740,2388,2024-02-04
740,2388,2024-02-09
742,2133,2024-02-11
742,1034,2024-02-09
743,2593,2024-02-21
744,636,2024-03-25
744,2050,2024-03-20
746,1495,2024-02-24
746,1495,2024-02-28
750,866,2024-03-20
750,2763,2024-03-22
751,1007,2024-02-24
751,1007,2024-02-25
751,3983,2024-02-22
751,1007,2024-02-21
753,3051,2024-02-28
753,3049,2024-02-26
755,285,2024-02-16
755,2034,2024-02-19
755,285,2024-02-13
755,2034,2024-02-15
755,2034,2024-02-13
760,3646,2024-03-11
760,1287,2024-03-05
760,1287,2024-03-05
760,3646,2024-03-08
761,3252,2024-03-19
761,3252,2024-03-19
761,1721,2024-03-18
765,2273,2024-02-16
765,2273,2024-02-20
765,2273,2024-02-20
771,2978,2024-03-19
771,1487,2024-03-22
772,3967,2024-03-29
774,2608,2024-03-16
775,4326,2024-02-04
775,4326,2024-02-08
775,4326,2024-02-07
775,4456,2024-02-03
775,4326,2024-02-03
778,1820,2024-02-24
778,1820,2024-02-21
779,1903,2024-03-28
779,1903,2024-03-23
779,2055,2024-03-26
779,2055,2024-03-24
780,3397,2024-02-29
782,3807,2024-04-03
782,1721,2024-04-01
782,1721,2024-04-03
782,1721,2024-04-01
782,1721,2024-04-02
783,3883,2024-03-03
783,3883,2024-03-03
783,3883,2024-03-01
785,4926,2024-03-14
785,3706,2024-03-15
786,1825,2024-02-05
786,1825,2024-02-04
786,4908,2024-02-05
786,1825,2024-02-05
786,4908,2024-02-07
788,4597,2024-04-01
788,4597,2024-04-01
791,1974,2024-03-17
791,1974,2024-03-22
791,4916,2024-03-22
792,656,2024-03-07
792,1686,2024-03-10
795,2324,2024-03-25
795,1438,2024-03-31
796,533,2024-03-07
797,4985,2024-03-28
797,4947,2024-03-27
797,4985,2024-03-31
799,3909,2024-03-04
799,3909,2024-03-04
800,3666,2024-03-09
800,814,2024-03-08
800,3666,2024-03-10
800,3666,2024-03-10
800,3666,2024-03-11
802,341,2024-03-11
803,2267,2024-02-22
804,1700,2024-03-24
804,1700,2024-03-22
804,4559,2024-03-22
805,2912,2024-02-26
806,155,2024-03-30
806,155,2024-03-29
807,2040,2024-03-28
807,2040,2024-03-26
807,3572,2024-03-27
807,2040,2024-03-29
807,3572,2024-03-24
808,982,2024-02-25
808,4719,2024-02-19
808,982,2024-02-20
808,4719,2024-02-23
810,2841,2024-03-14
810,2841,2024-03-17
810,2899,2024-03-14
810,2841,2024-03-12
810,2899,2024-03-13
811,2666,2024-03-10
811,2666,2024-03-11
812,4839,2024-03-15
812,1827,2024-03-12
812,1827,2024-03-15
812,4839,2024-03-10
814,1076,2024-02-16
814,1076,2024-02-16
817,864,2024-02-14
818,4674,2024-02-15
818,49,2024-02-10
818,4674,2024-02-13
818,49,2024-02-11
819,3668,2024-03-12
819,4101,2024-03-12
821,1751,2024-03-26
821,1751,2024-03-27
822,4308,2024-03-12
822,4308,2024-03-13
822,4308,2024-03-13
823,961,2024-02-16
823,3760,2024-02-18
823,961,2024-02-18
823,3760,2024-02-18
823,3760,2024-02-22
824,2066,2024-03-20
824,1456,2024-03-20
824,1456,2024-03-24
824,2066,2024-03-19
825,1729,2024-03-19
825,1729,2024-03-20
826,3357,2024-03-26
826,1714,2024-03-28
828,3124,2024-03-24
828,3124,2024-03-20
828,3124,2024-03-19
829,2277,2024-02-07
829,2277,2024-02-06
829,2277,2024-02-05
831,3710,2024-02-03
831,3710,2024-02-03
832,2340,2024-03-19
832,4298,2024-03-16
832,2340,2024-03-22
832,2340,2024-03-18
835,1218,2024-03-16
835,2550,2024-03-20
835,2550,2024-03-15
835,1218,2024-03-16
835,1218,2024-03-15
836,3814,2024-02-04
836,3814,2024-02-07
836,3814,2024-02-03
836,3819,2024-02-04
837,416,2024-04-01
837,416,2024-04-06
838,4680,2024-02-14
838,4680,2024-02-12
839,4803,2024-03-05
839,4803,2024-03-10
839,2781,2024-03-09
839,4803,2024-03-05
840,4014,2024-04-03
840,3044,2024-04-05
841,137,2024-03-01
843,2275,2024-02-10
843,3683,2024-02-09
843,2275,2024-02-11
843,2275,2024-02-09
844,686,2024-02-14
844,2563,2024-02-15
844,686,2024-02-15
844,2563,2024-02-17
844,686,2024-02-17
845,4297,2024-02-02
845,4297,2024-02-04
849,941,2024-03-29
849,947,2024-03-25
849,947,2024-03-25
849,947,2024-03-26
851,3950,2024-02-27
852,1776,2024-02-24
852,2237,2024-02-20
852,2237,2024-02-18
852,2237,2024-02-19
852,2237,2024-02-23
853,1414,2024-03-14
853,1414,2024-03-13
853,2393,2024-03-08
854,2513,2024-03-28
854,3528,2024-03-30
854,3528,2024-03-31
856,4477,2024-02-20
861,4209,2024-02-05
861,4514,2024-02-03
863,1826,2024-03-14
863,2483,2024-03-14
863,1826,2024-03-12
863,2483,2024-03-18
863,1826,2024-03-17
866,4370,2024-03-20
866,3417,2024-03-18
866,3417,2024-03-16
866,4370,2024-03-17
866,4370,2024-03-19
868,4907,2024-03-24
869,2913,2024-02-19
869,2913,2024-02-18
869,2625,2024-02-21
869,2625,2024-02-21
870,868,2024-03-13
871,2636,2024-02-13
871,2636,2024-02-16
871,1959,2024-02-15
872,2672,2024-03-03
873,2751,2024-02-14
873,2751,2024-02-18
875,4629,2024-03-09
875,4629,2024-03-07
877,4527,2024-02-27
877,733,2024-02-28
880,2398,2024-02-27
880,2557,2024-02-27
880,2557,2024-02-22
881,126,2024-03-02
881,126,2024-02-27
881,885,2024-03-02
881,885,2024-02-28
882,764,2024-02-01
885,2460,2024-02-23
885,2460,2024-02-20
885,2460,2024-02-17
885,3502,2024-02-20
885,2460,2024-02-22
886,683,2024-02-17
886,957,2024-02-13
886,957,2024-02-17
887,4355,2024-03-20
887,4355,2024-03-19
888,2633,2024-03-16
888,4096,2024-03-15
888,4096,2024-03-12
888,2633,2024-03-16
890,3316,2024-02-24
890,3316,2024-02-21
890,4740,2024-02-21
890,4740,2024-02-24
892,696,2024-03-20
892,696,2024-03-20
892,713,2024-03-18
893,836,2024-04-03
893,337,2024-04-03
895,3893,2024-03-29
895,3893,2024-04-03
895,3893,2024-03-30
895,2538,2024-03-31
896,4111,2024-02-29
896,176,2024-02-28
896,176,2024-02-29
896,176,2024-03-04
897,3457,2024-03-16
898,3150,2024-02-26
898,4502,2024-02-26
898,4502,2024-02-25
898,4502,2024-02-27
898,3150,2024-02-24
900,4401,2024-04-03
900,1508,2024-04-04
905,2804,2024-03-18
905,2804,2024-03-18
905,2804,2024-03-17
906,910,2024-03-15
906,910,2024-03-17
906,3378,2024-03-17
906,3378,2024-03-16
906,3378,2024-03-16
907,1775,2024-02-27
907,1441,2024-02-28
907,1775,2024-02-26
908,1846,2024-03-18
908,62,2024-03-14
910,925,2024-02-21
910,925,2024-02-21
910,665,2024-02-23
910,925,2024-02-25
911,3021,2024-03-30
911,3021,2024-04-03
911,849,2024-04-03
912,2710,2024-03-26
913,4449,2024-03-11
913,4449,2024-03-15
914,4543,2024-02-15
914,2637,2024-02-12
916,637,2024-03-02
917,618,2024-02-28
917,618,2024-02-29
917,618,2024-02-26
919,1285,2024-02-21
919,4470,2024-02-22
919,4470,2024-02-26
920,1865,2024-03-05
922,3613,2024-03-09
922,3105,2024-03-09
922,3613,2024-03-10
923,2259,2024-03-25
923,3030,2024-03-19
923,2259,2024-03-23
924,4269,2024-03-05
924,1642,2024-03-09
924,1642,2024-03-04
924,4269,2024-03-09
925,4853,2024-04-01
925,4853,2024-03-29
925,3357,2024-03-27
925,4853,2024-03-26
925,4853,2024-03-27
926,1236,2024-03-17
926,1236,2024-03-20
926,4810,2024-03-21
926,1236,2024-03-16
929,2379,2024-03-27
929,1476,2024-04-02
930,2946,2024-02-18
930,4258,2024-02-20
930,2946,2024-02-20
931,4002,2024-03-21
931,4002,2024-03-18
933,3333,2024-03-05
935,4110,2024-02-14
935,3436,2024-02-16
935,4110,2024-02-12
940,4234,2024-02-12
940,1431,2024-02-16
945,3327,2024-03-27
945,1767,2024-03-28
945,3327,2024-04-01
947,2366,2024-02-16
947,2513,2024-02-14
947,2366,2024-02-15
947,2513,2024-02-13
950,2091,2024-03-22
950,2091,2024-03-20
950,2091,2024-03-20
950,2091,2024-03-22
951,899,2024-02-17
951,2220,2024-02-20
952,1329,2024-03-21
953,441,2024-02-13
953,441,2024-02-13
953,441,2024-02-13
953,480,2024-02-12
954,1275,2024-03-12
954,1275,2024-03-11
954,1275,2024-03-13
958,1348,2024-02-09
958,1348,2024-02-04
962,3513,2024-02-19
962,18,2024-02-15
963,873,2024-02-21
963,873,2024-02-22
963,873,2024-02-21
963,4556,2024-02-23
964,2303,2024-03-24
964,3907,2024-03-23
967,2885,2024-03-31
967,1736,2024-03-31
967,2885,2024-03-27
969,385,2024-03-22
969,224,2024-03-21
969,385,2024-03-26
972,3060,2024-02-12
972,3060,2024-02-12
972,3060,2024-02-09
972,2662,2024-02-11
972,2662,2024-02-07
973,3486,2024-03-16
973,3486,2024-03-15
973,3486,2024-03-18
974,3302,2024-02-07
974,3566,2024-02-11
975,4028,2024-02-16
975,364,2024-02-17
975,4028,2024-02-18
975,364,2024-02-14
978,51,2024-02-09
978,2693,2024-02-09
980,3038,2024-03-13
980,4506,2024-03-08
980,3038,2024-03-09
982,2281,2024-03-19
982,1259,2024-03-20
982,2281,2024-03-18
982,2281,2024-03-22
982,1259,2024-03-23
983,3472,2024-03-25
983,3472,2024-03-24
983,1801,2024-03-21
984,386,2024-02-15
984,386,2024-02-15
984,3305,2024-02-12
986,1659,2024-03-31
986,748,2024-03-30
988,3987,2024-02-14
989,1519,2024-03-13
989,3816,2024-03-14
992,3980,2024-02-21
992,3980,2024-02-24
992,3980,2024-02-22
993,3688,2024-03-31
993,3688,2024-03-31
993,936,2024-03-29
997,133,2024-03-22
997,133,2024-03-21
997,133,2024-03-21
997,133,2024-03-20
997,2068,2024-03-25
999,1546,2024-02-19
999,3169,2024-02-20
999,3169,2024-02-23
1000,3196,2024-02-10
1000,2417,2024-02-12
1000,2417,2024-02-08
1001,453,2024-04-02
1001,453,2024-04-01
1001,3936,2024-04-04
1004,2828,2024-02-19
1004,2888,2024-02-14
1004,2828,2024-02-17
1004,2888,2024-02-19
1004,2888,2024-02-15
1006,4585,2024-03-26
1006,4585,2024-03-30
1006,4098,2024-03-26
1007,2838,2024-03-30
1007,2642,2024-03-28
1007,2838,2024-03-31
1007,2838,2024-03-30
1007,2642,2024-04-01
1013,257,2024-02-18
1013,257,2024-02-22
1013,832,2024-02-17
1013,257,2024-02-21
1014,3764,2024-03-09
1014,3820,2024-03-07
1014,3764,2024-03-09
1015,723,2024-04-04
1015,1981,2024-04-02
1015,1981,2024-04-02
1015,1981,2024-04-06
1015,723,2024-04-05
1017,3018,2024-02-28
1018,4643,2024-03-31
1018,3766,2024-03-31
1018,4643,2024-04-02
1018,4643,2024-04-02
1018,4643,2024-04-05
1021,3746,2024-03-05
1021,1591,2024-03-11
1021,1591,2024-03-08
1021,3746,2024-03-11
1022,3632,2024-02-20
1022,2093,2024-02-17
1025,3556,2024-02-08
1025,4309,2024-02-10
1027,3253,2024-03-16
1027,4015,2024-03-20
1027,4015,2024-03-18
1027,4015,2024-03-16
1027,4015,2024-03-18
1028,23,2024-03-29
1028,4696,2024-03-30
1028,23,2024-04-02
1028,4696,2024-04-03
1028,4696,2024-04-02
1030,1537,2024-02-22
1030,1537,2024-02-24
1033,4879,2024-03-02
1033,794,2024-03-05
1033,4879,2024-03-05
1033,794,2024-03-06
1034,294,2024-02-21
1035,1276,2024-02-01
1035,1276,2024-02-05
1035,1453,2024-02-01
1035,1453,2024-02-02
1037,4888,2024-03-08
1039,4823,2024-03-17
1039,4823,2024-03-14
1039,4167,2024-03-18
1041,4881,2024-03-11
1041,4881,2024-03-13
1041,2956,2024-03-10
1041,2956,2024-03-13
1041,2956,2024-03-10
1042,3421,2024-02-09
1042,4670,2024-02-11
1042,4670,2024-02-10
1043,4729,2024-03-07
1047,4298,2024-02-29
1047,467,2024-02-26
1047,467,2024-02-29
1047,4298,2024-02-23
1048,905,2024-02-27
1048,1371,2024-02-26
1048,905,2024-02-27
1048,1371,2024-02-27
1048,1371,2024-03-01
1053,716,2024-02-29
1054,2320,2024-03-02
1054,2320,2024-02-28
1055,2891,2024-03-06
1055,2891,2024-03-08
1055,2891,2024-03-07
1056,1752,2024-03-03
1057,2508,2024-03-05
1057,2508,2024-03-03
1057,1314,2024-03-07
1057,1314,2024-03-02
1057,2508,2024-03-02
1058,1578,2024-04-05
1058,1578,2024-04-04
1058,1578,2024-04-04
1059,665,2024-02-29
1059,665,2024-03-01
1061,3611,2024-02-13
1063,4307,2024-02-12
1063,4307,2024-02-09
1063,4307,2024-02-08
1063,2858,2024-02-12
1063,4307,2024-02-10
1068,1049,2024-03-11
1068,2887,2024-03-14
1068,2887,2024-03-09
1068,2887,2024-03-13
1068,1049,2024-03-11
1069,1182,2024-02-22
1070,3846,2024-04-01
1071,2655,2024-03-15
1071,72,2024-03-16
1071,2655,2024-03-15
1073,4813,2024-04-01
1073,4813,2024-04-02
1073,1630,2024-04-06
1075,4525,2024-03-26
1075,4525,2024-03-27
1075,4525,2024-03-31
1075,2089,2024-04-01
1079,543,2024-03-10
1079,746,2024-03-09
1080,3204,2024-04-01
1080,447,2024-03-29
1080,447,2024-03-31
1080,447,2024-03-30
1080,3204,2024-04-03
1083,4095,2024-03-07
1083,756,2024-03-10
1083,756,2024-03-08
1083,4095,2024-03-06
1083,756,2024-03-08
1085,4110,2024-03-13
1085,3859,2024-03-16
1085,3859,2024-03-16
1086,549,2024-03-28
1086,549,2024-03-29
1086,549,2024-03-31
1088,4988,2024-03-30
1088,4988,2024-03-31
1088,4988,2024-03-30
1088,4988,2024-04-03
1088,4988,2024-04-04
1090,3163,2024-02-15
1090,3163,2024-02-14
1093,3642,2024-03-19
1093,3056,2024-03-21
1093,3642,2024-03-18
1094,293,2024-02-20
1094,293,2024-02-16
1094,293,2024-02-19
1096,380,2024-03-28
1096,380,2024-03-26
1096,12,2024-03-23
1096,380,2024-03-22
1096,380,2024-03-23
1097,4973,2024-02-23
1097,4973,2024-02-24
1097,4973,2024-02-19
1097,3205,2024-02-18
1099,4829,2024-02-25
1100,4119,2024-03-08
1100,4119,2024-03-10
1101,1272,2024-03-06
1101,4225,2024-03-03
1103,964,2024-02-11
1103,964,2024-02-10
1103,6,2024-02-06
1103,964,2024-02-07
1103,964,2024-02-11
1104,4255,2024-03-26
1104,4255,2024-03-27
1105,4009,2024-02-14
1105,2570,2024-02-15
1105,2570,2024-02-17
1106,415,2024-03-20
1106,415,2024-03-25
1106,2463,2024-03-25
1107,1375,2024-03-11
1107,2240,2024-03-09
1107,2240,2024-03-05
1109,555,2024-03-19
1109,1150,2024-03-22
1109,555,2024-03-18
1109,1150,2024-03-24
1110,3442,2024-03-04
1111,3969,2024-02-16
1111,545,2024-02-17
1111,3969,2024-02-19
1111,545,2024-02-16
1112,4325,2024-03-28
1113,882,2024-03-16
1113,882,2024-03-20
1113,2682,2024-03-16
1113,882,2024-03-17
1114,4518,2024-03-12
1114,4518,2024-03-09
1114,2441,2024-03-15
1114,2441,2024-03-11
1114,2441,2024-03-14
1115,4941,2024-02-12
1115,4730,2024-02-18
1117,2962,2024-03-02
1117,4343,2024-03-01
1117,2962,2024-03-02
1117,4343,2024-03-02
1118,1590,2024-03-24
1118,1341,2024-03-24
1118,1341,2024-03-24
1120,3074,2024-03-31
1120,3074,2024-04-06
1120,4419,2024-04-04
1121,3115,2024-02-07
1123,1257,2024-03-13
1123,3058,2024-03-08
1123,1257,2024-03-08
1123,3058,2024-03-13
1123,1257,2024-03-12
1125,77,2024-02-09
1125,3968,2024-02-10
1125,3968,2024-02-08
1126,2331,2024-03-08
1127,151,2024-02-20
1127,151,2024-02-20
1127,1839,2024-02-19
1127,1839,2024-02-19
1128,738,2024-03-23
1129,832,2024-03-09
1129,1591,2024-03-09
1130,370,2024-02-20
1130,370,2024-02-18
1130,370,2024-02-20
1133,3620,2024-04-05
1133,3620,2024-04-04
1133,3620,2024-04-03
1134,2560,2024-03-19
1134,2560,2024-03-16
1136,820,2024-03-03
1138,3100,2024-03-07
1139,840,2024-02-29
1139,779,2024-02-27
1139,840,2024-02-27
1139,840,2024-02-26
1142,831,2024-03-10
1142,831,2024-03-14
1142,2734,2024-03-13
1143,3934,2024-02-12
1143,3934,2024-02-12
1144,3831,2024-03-15
1144,3831,2024-03-12
1144,4584,2024-03-16
1145,1679,2024-02-24
1145,1679,2024-02-22
1145,536,2024-02-23
1145,1679,2024-02-24
1145,536,2024-02-28
1147,376,2024-03-15
1147,376,2024-03-16
1147,376,2024-03-10
1147,1247,2024-03-10
1147,1247,2024-03-12
1150,2027,2024-03-17
1150,556,2024-03-20
1150,556,2024-03-15
1150,2027,2024-03-14
1150,556,2024-03-20
1155,3759,2024-02-16
1155,2780,2024-02-18
1156,629,2024-02-23
1156,2053,2024-02-18
1156,2053,2024-02-21
1156,629,2024-02-21
1157,1505,2024-02-29
1157,961,2024-03-03
1157,961,2024-02-29
1157,1505,2024-02-28
1157,961,2024-02-29
1158,2811,2024-03-12
1159,783,2024-02-08
1159,783,2024-02-07
1159,783,2024-02-08
1159,3306,2024-02-11
1159,3306,2024-02-05
1160,1460,2024-03-20
1160,1460,2024-03-22
1160,1460,2024-03-22
1160,3569,2024-03-22
1162,245,2024-03-26
1162,245,2024-03-22
1163,137,2024-04-04
1163,3693,2024-04-04
1163,3693,2024-04-03
1164,900,2024-03-09
1168,777,2024-02-17
1168,3523,2024-02-14
1168,777,2024-02-14
1169,980,2024-02-17
1169,493,2024-02-20
1169,493,2024-02-15
1169,980,2024-02-15
1170,3461,2024-02-06
1170,855,2024-02-09
1170,3461,2024-02-09
1170,855,2024-02-09
1170,3461,2024-02-04
1171,517,2024-03-24
1171,756,2024-03-21
1172,1298,2024-03-15
1174,162,2024-03-28
1174,162,2024-03-23
1175,4971,2024-02-17
1175,4907,2024-02-16
1175,4971,2024-02-15
1175,4971,2024-02-19
1175,4907,2024-02-17
1176,1526,2024-02-28
1176,3079,2024-02-25
1177,3817,2024-02-18
1177,4834,2024-02-15
1177,4834,2024-02-19
1177,3817,2024-02-15
1178,213,2024-04-03
1178,3631,2024-04-06
1178,213,2024-04-01
1178,213,2024-04-01
1179,1609,2024-03-26
1179,2610,2024-03-20
1179,2610,2024-03-21
1180,3667,2024-03-22
1182,3110,2024-02-17
1183,4795,2024-04-06
1183,4795,2024-04-01
1183,4795,2024-04-03
1183,4795,2024-04-01
1186,2414,2024-03-08
1186,2414,2024-03-04
1188,2258,2024-03-08
1190,4099,2024-02-12
1193,4398,2024-03-24
1196,4674,2024-04-02
1197,4093,2024-03-20
1198,2599,2024-03-09
1198,4295,2024-03-09
1198,2599,2024-03-12
1198,2599,2024-03-08
1198,2599,2024-03-09
1201,3281,2024-02-06
1201,1037,2024-02-04
1201,1037,2024-02-07
1201,1037,2024-02-08
1202,3159,2024-02-11
1202,802,2024-02-15
1202,802,2024-02-16
1204,970,2024-02-29
1204,4480,2024-02-29
1204,4480,2024-03-01
1204,4480,2024-03-01
1206,3619,2024-02-20
1206,3619,2024-02-26
1206,520,2024-02-20
1207,2685,2024-02-17
1207,2685,2024-02-18
1207,2685,2024-02-17
1208,3600,2024-03-15
1208,3600,2024-03-16
1208,3600,2024-03-16
1208,3600,2024-03-10
1208,2735,2024-03-10
1212,4428,2024-02-21
1212,4428,2024-02-25
1212,2057,2024-02-26
1212,2057,2024-02-24
1212,4428,2024-02-21
1214,1495,2024-02-21
1214,1495,2024-02-23
1214,1495,2024-02-18
1214,4188,2024-02-19
1215,2514,2024-03-02
1215,4665,2024-03-03
1215,4665,2024-03-04
1215,2514,2024-03-02
1215,2514,2024-03-04
1218,2403,2024-03-22
1219,1959,2024-02-25
1219,156,2024-02-23
1219,156,2024-02-23
1219,156,2024-02-26
1221,4115,2024-03-24
1222,4400,2024-03-30
1224,3667,2024-02-06
1225,888,2024-02-16
1225,2795,2024-02-17
1225,888,2024-02-16
1227,1094,2024-03-19
1227,1094,2024-03-17
1227,1094,2024-03-17
1228,1344,2024-03-24
1228,1344,2024-03-23
1229,357,2024-02-14
1229,233,2024-02-12
1230,4131,2024-03-23
1230,4131,2024-03-28
1230,4131,2024-03-28
1231,3599,2024-02-27
1232,1752,2024-02-02
1232,1752,2024-02-03
1232,1752,2024-02-07
1233,4093,2024-03-26
1233,4405,2024-03-22
1233,4093,2024-03-22
1235,2403,2024-03-27
1235,2403,2024-03-26
1236,3859,2024-03-27
1236,1177,2024-03-26
1236,1177,2024-03-25
1236,3859,2024-03-30
1236,1177,2024-03-25
1237,285,2024-02-10
1237,285,2024-02-06
1237,98,2024-02-09
1237,98,2024-02-07
1238,4061,2024-03-18
1238,4061,2024-03-15
1238,4061,2024-03-18
1238,4061,2024-03-14
1239,38,2024-02-23
1239,38,2024-02-24
1239,4784,2024-02-25
1240,4842,2024-03-04
1240,3817,2024-03-04
1240,3817,2024-03-03
1241,3007,2024-02-23
1241,2331,2024-02-24
1241,2331,2024-02-26
1242,3766,2024-02-08
1244,3518,2024-03-22
1244,3518,2024-03-20
1244,3518,2024-03-23
1244,3285,2024-03-21
1244,3285,2024-03-17
1246,4576,2024-03-17
1246,4576,2024-03-19
1246,4576,2024-03-20
1247,2271,2024-02-07
1247,2271,2024-02-03
1248,81,2024-03-06
1249,2429,2024-02-20
1249,3176,2024-02-24
1249,3176,2024-02-22
1250,1454,2024-04-02
1253,3460,2024-02-09
1257,4467,2024-02-12
1259,2061,2024-04-02
1262,4028,2024-03-29
1262,4028,2024-03-28
1266,4180,2024-02-07
1266,706,2024-02-09
1266,706,2024-02-09
1267,3043,2024-02-14
1267,3043,2024-02-13
1267,3096,2024-02-13
1268,1186,2024-03-10
1268,2667,2024-03-14
1268,1186,2024-03-16
1269,613,2024-02-06
1269,613,2024-02-11
1269,613,2024-02-12
1270,2666,2024-03-20
1270,377,2024-03-19
1273,1363,2024-02-08
1273,1363,2024-02-09
1273,927,2024-02-09
1273,927,2024-02-10
1273,1363,2024-02-05
1275,3474,2024-02-03
1275,3474,2024-02-02
1275,3474,2024-02-05
1275,3474,2024-02-04
1276,1334,2024-02-19
1276,3168,2024-02-15
1277,30,2024-03-29
1277,3187,2024-03-28
1277,3187,2024-03-27
1277,30,2024-03-31
1277,30,2024-03-27
1278,91,2024-02-11
1278,2661,2024-02-06
1279,4471,2024-02-08
1279,4471,2024-02-09
1280,3964,2024-03-26
1280,2961,2024-03-24
1280,3964,2024-03-24
1280,3964,2024-03-25
1281,990,2024-03-15
1281,990,2024-03-21
1283,1180,2024-02-27
1283,1180,2024-02-27
1283,3902,2024-02-27
1284,1607,2024-03-01
1284,2683,2024-03-01
1284,2683,2024-02-28
1285,736,2024-03-05
1288,2882,2024-04-03
1288,2882,2024-04-02
1288,1126,2024-04-03
1288,1126,2024-04-01
1288,1126,2024-04-01
1290,1439,2024-02-23
1290,254,2024-02-18
1290,254,2024-02-21
1290,254,2024-02-18
1290,1439,2024-02-22
1293,2018,2024-02-21
1293,737,2024-02-24
1295,3604,2024-04-03
1295,4981,2024-03-31
1295,3604,2024-04-04
1295,4981,2024-04-03
1296,4099,2024-02-14
1296,1242,2024-02-12
1298,3099,2024-02-29
1298,2647,2024-02-27
1298,3099,2024-02-28
1298,3099,2024-02-27
1298,3099,2024-02-24
1300,1458,2024-03-27
1300,4137,2024-03-26
1300,4137,2024-03-25
1300,4137,2024-03-23
1302,2953,2024-02-13
1302,238,2024-02-16
1302,2953,2024-02-17
1303,3441,2024-03-08
1303,3441,2024-03-07
1303,3441,2024-03-08
1304,3981,2024-02-19
1304,3981,2024-02-20
1304,3981,2024-02-19
1306,3188,2024-03-29
1306,3802,2024-03-31
1306,3188,2024-04-03
1307,3346,2024-02-08
1307,3346,2024-02-08
1307,1248,2024-02-08
1308,925,2024-03-03
1308,925,2024-03-02
1308,925,2024-03-05
1310,1539,2024-03-12
1310,125,2024-03-09
1311,3318,2024-02-18
1311,4365,2024-02-18
1311,3318,2024-02-21
1311,3318,2024-02-18
1313,2937,2024-03-02
1313,2937,2024-03-01
1314,3707,2024-02-29
1315,2922,2024-03-09
1315,1007,2024-03-09
1319,4873,2024-04-04
1319,4080,2024-03-30
1319,4080,2024-03-30
1319,4080,2024-04-02
1319,4080,2024-04-04
1321,2301,2024-03-24
1321,2301,2024-03-27
1321,2301,2024-03-24
1322,4267,2024-03-26
1322,4267,2024-03-27
1322,1407,2024-03-28
1322,4267,2024-03-28
1322,1407,2024-03-25
1327,1814,2024-02-23
1327,1814,2024-02-21
1327,2178,2024-02-21
1328,2343,2024-02-12
1330,3032,2024-03-31
1330,2161,2024-04-01
1330,2161,2024-04-06
1330,2161,2024-03-31
1332,4738,2024-02-25
1332,2486,2024-02-23
1337,4377,2024-03-23
1337,4377,2024-03-23
1337,4377,2024-03-23
1337,4377,2024-03-29
1338,3973,2024-02-25
1338,3973,2024-02-22
1338,1513,2024-02-24
1338,1513,2024-02-24
1340,934,2024-02-19
1340,934,2024-02-17
1341,2889,2024-04-03
1345,1866,2024-03-14
1345,1866,2024-03-18
1345,1866,2024-03-15
1345,1866,2024-03-16
1345,4379,2024-03-14
1346,3999,2024-03-17
1346,70,2024-03-15
1348,1852,2024-03-25
1348,1852,2024-03-30
1348,1852,2024-03-28
1348,2072,2024-03-30
1348,2072,2024-03-28
1349,2189,2024-03-14
1349,2189,2024-03-15
1349,1170,2024-03-16
1349,2189,2024-03-14
1349,2189,2024-03-16
1350,3640,2024-02-09
1350,3640,2024-02-15
1350,3640,2024-02-15
1351,4382,2024-03-04
1352,2522,2024-02-21
1354,800,2024-02-11
1354,800,2024-02-10
1354,3478,2024-02-13
1354,800,2024-02-12
1354,800,2024-02-12
1355,3649,2024-03-15
1356,3753,2024-02-22
1356,3753,2024-02-18
1357,180,2024-03-30
1357,180,2024-04-01
1359,3501,2024-02-23
1359,3501,2024-02-21
1359,2210,2024-02-26
1359,2210,2024-02-25
1362,4618,2024-02-10
1362,4618,2024-02-14
1362,4618,2024-02-10
1363,926,2024-03-11
1363,926,2024-03-16
1363,2971,2024-03-15
1363,2971,2024-03-14
1364,2589,2024-03-13
1369,4853,2024-03-22
1369,4853,2024-03-23
1369,4853,2024-03-26
1369,4853,2024-03-25
1371,945,2024-02-11
1372,4423,2024-02-23
1372,4423,2024-02-25
1372,4423,2024-02-24
1372,4423,2024-02-23
1373,419,2024-02-09
1374,2315,2024-03-08
1374,2315,2024-03-05
1374,2315,2024-03-07
1374,2315,2024-03-08
1375,2825,2024-03-15
1375,4577,2024-03-12
1375,2825,2024-03-11
1375,4577,2024-03-10
1376,2189,2024-03-27
1377,4974,2024-02-08
1377,4974,2024-02-06
1377,4974,2024-02-04
1377,4974,2024-02-07
1378,3235,2024-02-10
1378,3235,2024-02-08
1379,2297,2024-02-10
1379,2596,2024-02-12
1382,1787,2024-02-16
1383,2934,2024-02-24
1383,694,2024-03-01
1383,694,2024-02-24
1383,2934,2024-03-01
1383,694,2024-02-27
1385,4192,2024-02-08
1385,2185,2024-02-13
1385,2185,2024-02-14
1386,807,2024-02-07
1386,807,2024-02-07
1386,807,2024-02-09
1386,807,2024-02-05
1386,807,2024-02-07
1389,1469,2024-02-15
1391,4839,2024-03-09
1392,3450,2024-03-30
1392,3450,2024-03-29
1392,3450,2024-04-02
1392,3450,2024-03-29
1394,3116,2024-04-04
1394,3116,2024-04-04
1394,1443,2024-03-30
1394,1443,2024-04-01
1394,1443,2024-04-02
1395,2941,2024-03-26
1395,2941,2024-03-26
1395,675,2024-03-30
1395,675,2024-03-29
1395,675,2024-03-27
1396,657,2024-02-14
1396,657,2024-02-12
1397,1589,2024-03-29
1397,1589,2024-04-01
1398,4342,2024-04-06
1399,3347,2024-02-21
1399,3347,2024-02-17
1399,3179,2024-02-21
1399,3179,2024-02-16
1399,3179,2024-02-18
1400,544,2024-02-16
1400,544,2024-02-16
1400,4097,2024-02-15
1400,544,2024-02-16
1401,4373,2024-03-10
1401,141,2024-03-12
1403,11,2024-03-30
1405,4468,2024-02-26
1405,4468,2024-02-28
1406,1351,2024-02-27
1406,3526,2024-02-26
1406,1351,2024-02-25
1407,3210,2024-03-04
1408,692,2024-03-31
1409,1967,2024-03-26
1409,1967,2024-03-28
1409,3190,2024-03-28
1409,3190,2024-03-30
1409,1967,2024-03-30
1411,4835,2024-03-28
1411,3582,2024-03-29
1411,4835,2024-03-31
1411,4835,2024-03-27
1413,1104,2024-03-06
1413,1104,2024-03-08
1414,1425,2024-02-17
1414,1672,2024-02-18
1414,1425,2024-02-15
1414,1425,2024-02-19
1414,1672,2024-02-14
1415,3627,2024-02-18
1415,3627,2024-02-16
1421,1736,2024-02-20
1421,1736,2024-02-22
1422,3328,2024-02-02
1423,1728,2024-03-01
1423,2708,2024-02-26
1424,604,2024-02-26
1424,4699,2024-02-28
1426,2714,2024-02-28
1426,1549,2024-02-27
1426,1549,2024-03-04
1426,2714,2024-03-03
1426,2714,2024-02-29
1428,1139,2024-02-15
1428,1139,2024-02-17
1430,4179,2024-03-04
1430,4179,2024-03-03
1430,1385,2024-03-03
1430,4179,2024-03-04
1430,1385,2024-03-01
1432,4637,2024-02-20
1432,4637,2024-02-16
1432,3881,2024-02-18
1432,4637,2024-02-20
1433,2295,2024-02-17
1433,2894,2024-02-15
1433,2295,2024-02-19
1433,2295,2024-02-14
1434,4427,2024-02-28
1434,2559,2024-02-23
1436,2831,2024-03-02
1438,3742,2024-03-08
1438,137,2024-03-06
1438,137,2024-03-04
1438,3742,2024-03-04
1438,3742,2024-03-07
1440,150,2024-03-19
1442,2908,2024-03-14
1442,4833,2024-03-16
1442,4833,2024-03-10
1442,4833,2024-03-16
1444,917,2024-02-25
1445,4689,2024-02-24
1445,949,2024-02-24
1445,4689,2024-02-19
1445,4689,2024-02-21
1445,949,2024-02-25
1446,1180,2024-03-15
1446,1180,2024-03-16
1446,1288,2024-03-16
1446,1180,2024-03-12
1449,1636,2024-02-17
1449,1081,2024-02-17
1449,1636,2024-02-22
1450,3374,2024-03-09
1450,3374,2024-03-07
1450,3374,2024-03-10
1452,3256,2024-03-03
1452,3727,2024-02-27
1452,3727,2024-02-27
1454,397,2024-03-07
1454,4816,2024-03-07
1456,854,2024-02-06
1456,854,2024-02-03
1459,3062,2024-02-22
1460,752,2024-03-10
1460,4774,2024-03-11
1460,752,2024-03-16
1461,3150,2024-03-19
1461,994,2024-03-20
1462,4441,2024-03-28
1462,4441,2024-04-01
1462,4441,2024-03-29
1462,4089,2024-04-01
1463,2021,2024-04-05
1463,2021,2024-03-31
1464,89,2024-02-05
1464,89,2024-02-06
1464,89,2024-02-05
1464,89,2024-02-05
1464,89,2024-02-03
1465,205,2024-03-02
1465,205,2024-03-02
1465,205,2024-03-03
1466,3258,2024-02-07
1468,3208,2024-02-16
1468,3208,2024-02-13
1469,2470,2024-03-16
1469,2470,2024-03-17
1470,1699,2024-03-16
1470,949,2024-03-13
1470,1699,2024-03-13
1470,949,2024-03-14
1471,4784,2024-03-25
1471,4348,2024-03-26
1472,3594,2024-02-17
1472,2659,2024-02-16
1472,3594,2024-02-17
1472,2659,2024-02-15
1472,2659,2024-02-12
1473,2602,2024-02-13
1473,2602,2024-02-16
1474,1254,2024-03-09
1474,4205,2024-03-04
1474,1254,2024-03-08
1474,4205,2024-03-09
1474,4205,2024-03-07
1475,4688,2024-02-14
1475,897,2024-02-15
1480,319,2024-02-21
1480,319,2024-02-18
1483,926,2024-03-17
1483,3932,2024-03-15
1483,3932,2024-03-19
1483,926,2024-03-19
1483,926,2024-03-16
1484,4320,2024-02-13
1484,4320,2024-02-11
1485,4620,2024-03-05
1485,4620,2024-03-08
1485,4620,2024-03-10
1485,4620,2024-03-08
1485,4620,2024-03-04
1486,3652,2024-04-05
1486,4875,2024-04-01
1486,4875,2024-03-31
1486,3652,2024-04-06
1487,3564,2024-03-15
1487,4062,2024-03-14
1487,3564,2024-03-17
1487,3564,2024-03-20
1490,3376,2024-03-01
1490,883,2024-03-05
1490,883,2024-03-05
1490,3376,2024-03-01
1490,883,2024-03-05
1491,4958,2024-02-10
1491,854,2024-02-09
1491,854,2024-02-10
1491,4958,2024-02-12
1492,3871,2024-02-11
1493,3820,2024-02-02
1493,3820,2024-02-04
1493,3486,2024-02-08
1494,1264,2024-03-07
1494,1264,2024-03-08
1494,1264,2024-03-06
1497,830,2024-04-01
1497,830,2024-04-03
1499,2184,2024-03-31
1499,3343,2024-03-28
1499,3343,2024-03-31
1500,1012,2024-02-25
1500,711,2024-02-29
1500,711,2024-02-28
1500,1012,2024-02-25
1500,711,2024-02-28
1503,1578,2024-02-16
1503,4518,2024-02-18
1503,1578,2024-02-17
1503,1578,2024-02-14
1504,3056,2024-02-27
1504,2498,2024-02-26
1504,2498,2024-02-27
1504,3056,2024-02-28
1506,579,2024-03-29
1506,37,2024-03-31
1506,37,2024-03-30
1506,579,2024-03-25
1507,1748,2024-03-19
1508,811,2024-03-28
1510,734,2024-02-05
1510,734,2024-02-07
1510,4797,2024-02-02
1510,734,2024-02-02
1510,734,2024-02-01
1512,3139,2024-03-01
1513,1959,2024-02-22
1514,1579,2024-03-25
1514,1665,2024-03-30
1514,1579,2024-03-31
1514,1579,2024-03-29
1514,1665,2024-03-30
1515,3770,2024-02-26
1516,3225,2024-03-19
1516,753,2024-03-20
1516,753,2024-03-21
1516,3225,2024-03-18
1516,3225,2024-03-21
1517,1027,2024-02-09
1517,4355,2024-02-12
1519,874,2024-02-03
1520,1788,2024-02-12
1520,1578,2024-02-10
1520,1578,2024-02-11
1520,1578,2024-02-09
1520,1788,2024-02-09
1525,1015,2024-03-09
1525,1015,2024-03-11
1525,1015,2024-03-09
1525,1015,2024-03-09
1526,224,2024-02-06
1526,224,2024-02-01
1526,224,2024-02-07
1526,1687,2024-02-05
1527,2056,2024-02-25
1528,107,2024-03-01
1530,4735,2024-02-14
1530,2951,2024-02-10
1530,2951,2024-02-16
1534,3463,2024-03-08
1534,3463,2024-03-08
1534,863,2024-03-03
1535,4600,2024-02-09
1535,4600,2024-02-06
1537,1166,2024-02-11
1537,1166,2024-02-08
1537,3155,2024-02-09
1537,3155,2024-02-13
1538,2454,2024-02-15
1538,768,2024-02-14
1541,666,2024-03-15
1541,666,2024-03-14
1541,1823,2024-03-13
1541,666,2024-03-14
1543,277,2024-03-07
1549,3968,2024-02-29
1549,3143,2024-03-02
1549,3143,2024-02-25
1549,3143,2024-02-27
1552,3130,2024-03-19
1552,3130,2024-03-21
1553,15,2024-02-23
1553,15,2024-02-24
1553,435,2024-02-24
1555,911,2024-02-14
1555,911,2024-02-14
1555,532,2024-02-12
1556,1620,2024-02-13
1556,1620,2024-02-13
1556,4755,2024-02-16
1556,1620,2024-02-18
1558,4317,2024-03-28
1558,4317,2024-03-25
